안내소명,시군,위도,경도,전화,운영시간,휴무,외국어,주소
덕평자연휴게소 안내소,이천,37.24134,127.38985,031-634-9200,08:00~20:00,연중무휴,,경기 이천시 마장면 덕이로154번길 287-76
이천(하남)휴게소 종합안내소,이천,37.29381,127.37757,031-637-6937,09:00~21:00,연중무휴,,경기 이천시 신둔면 용면리 산 83-1
제3땅굴 관광안내소,파주,37.90891,126.70482,031-940-8526,09:00-17:00,연중무휴,,경기 파주시 장단면 제3땅굴로 310
임진각 관광안내소,파주,37.89357,126.74345,031-953-4744,09:00-17:00,연중무휴,영/일/중,경기 파주시 문산읍 마정리 1355
여주프리미엄 아울렛 관광안내소,여주,37.24595,127.61239,031-887-2376,10:00-18:00,"매년 1월1일 , 설연휴, 추석연휴",일/중,경기 여주시 명품로 360
신륵사 종합 관광안내소,여주,37.30016,127.65455,031-887-2868,09:00-18:00,연중 매일 운영,,경기 여주시 신륵사길 7
용인(서창)휴게소 관광안내소,용인,37.24817,127.23666,031-339-3660,08:00~20:00,연중무휴,,경기 용인시 처인구 고림동 89
용인(강릉)휴게소 관광안내소,용인,37.24643,127.24094,031-339-3663,08:00~20:00,연중무휴,,경기 용인시 처인구 고림동 9
기흥(부산)휴게소 종합관광 안내소,용인,37.23641,127.10447,031-286-5001,08:00~20:00,연중무휴,,경기 용인시 기흥구 공세동 260-1
한국민속촌 관광안내소,용인,37.26023,127.12086,031-287-1332,09:00-17:00,"명절, 공휴일,월요일,기타",영어/중국어,경기 용인시 기흥구 민속촌로 90
용인시청 관광안내소,용인,37.24107,127.17772,031-324-4898,09:30-05:30,"토,일",,경기 용인시 처인구 삼가동 556
죽전 종합안내소,용인,37.33263,127.10465,031-262-3168,09:00~21:00,연중무휴,,경기 용인시 수지구 죽전동 866-2
안성시 관광안내소,안성,36.99469,127.337,031-677-1330,09:00-17:00,명절/공휴일/월요일,영,경기 안성시 금광면 가협1길 142
용문산관광안내소,양평,37.54615,127.58216,031-773-0088,09:00-18:00,"설날, 추석 당일","영어, 태국어, 중국어",경기 양평군 용문면 용문산로 655
수원역 종합 관광안내소,수원,37.27777,127.01851,031-5191-4672,09:00-18:00,"1월1일, 추석 및 설날 당일",영/일/중,경기 수원시 팔달구 팔달문로 9
수원역(철도공사),수원,37.26579,127.00009,031-228-4672,09:00~18:00,,,경기 수원시 팔달구 덕영대로 924
장안문 관광안내소,수원,37.28783,127.02369,031-251-4514,10:00-17:00,"1월1일,설날 및 추석 당일",영/일/중,경기 수원시 팔달구 창룡대로103번길 8
경기도 종합관광 안내소,수원,37.26754,126.99961,0311330,09:00~18:00,,,경기 수원시 팔달구 덕영대로 924
수원시외버스터미널 관광안내소,수원,37.25051,127.01964,031-267-7100,09:00-18:00,연중무휴,,경기 수원시 권선구 경수대로 270
서대전역관광안내소,대전,36.3225,127.4034,042-523-1338,09:00-18:00,"설날, 추석 명졀 연휴 휴무",영/일,대전 중구 오류로 23
종합관광안내소(대전광역시),인천,37.39234,126.63603,042-861-1330,09:00-18:00,연중무휴,,인천 연수구 인천타워대로 234
대전역(철도공사),대전,36.33229,127.43464,042-259-2455,09:00~18:00,,,대전 동구 중앙로 215
공주역 관광안내소(충청남도),공주,36.33231,127.09674,041-852-8513,09:00-16:00 (점심12~13),"연중무휴(설날, 추석, 당일 제외)",한/일,충남 공주시 이인면 새빛로 100
대전 종합 관광안내소,대전,36.35563,127.33039,042-861-1330,09:00-18:00,"설날,추석 명절 연휴 휴무",영/중/일,대전 유성구 유성대로 693
대전 오월드 관광안내소,대전,36.28849,127.39656,042-586-1330,09:00-18:00,연중무휴,,대전 중구 사정공원로 70
대전복합터미널 관광안내소,대전,36.35123,127.43748,042-633-1355,09:00-18:00,"설날,추석 명졀 연휴 휴무",영/중,대전 동구 동서대로1695번길 30
가평휴게소안내소(춘천방향),가평,37.68832,127.54156,031-584-1426,08:00~08:00,,,경기 가평군 설악면 송산리 1426
인천 종합 관광안내소,인천,37.39234,126.63603,032-832-3031,평일 09:00-18:00/ 주말 09:00-18:00,"설날, 추석 당일",한/영/일/중,인천 연수구 인천타워대로 234
송도컨벤시아 관광통역안내소(KATA),인천,37.38814,126.64555,032-210-1110,09:00-18:00,연중무휴,,인천 연수구 센트럴로 123
신탄진(서울)휴게소 안내소,대전,36.42752,127.41803,042-934-2433,08:00~21:00,연중무휴,,대전 대덕구 상서동 236-1
강화군 한옥 관광안내소,인천,37.74597,126.48377,032-933-3771,09:00-18:00,월요일,,인천 강화군 강화읍 남산길 14-1
초지진 관광안내소,인천,37.63261,126.53226,032-937-9365,09:00-18:00,목요일,,인천 강화군 길상면 해안동로 58
갑곶돈대 관광안내소,인천,37.73358,126.516,032-932-5464,09:00-18:00,연중무휴,,인천 강화군 강화읍 해안동로1366번길 18
마니산 관광안내소,인천,37.61146,126.45272,032-934-5565,09:00-18:00,"1월 1일, 설날연휴 3일, 추석연휴 3일",일/중,인천 강화군 화도면 해안남로1196번길 38
고인돌 관광안내소,인천,37.7733,126.43639,032-933-3624,09:00-18:00,수요일,,인천 강화군 하점면 강화대로 994-12
잠진도 관광안내소,인천,37.41727,126.4144,032-751-2628,09:00-18:00,추석 및 설날 당일 휴관,,인천 영종구 잠진도길 146
인천역 안내소,인천,37.4757,126.61696,032-777-1330,09:00~18:00,"설날, 추석 휴무",영/일/중,인천 제물포구 제물량로 269
월미도 관광안내소,인천,37.47536,126.59753,032-765-4169,09:00~18:00,"설날당일, 추석당일",영/일/중,인천 제물포구 북성동1가
인천국제공항 제1여객터미널 관광정보센터(서울특별시),인천,37.44806,126.45037,"0327433270,3272",07:00-22:00,연중무휴,영/일/중,인천 영종구 운서동 2851
인천국제공항 관광안내소 서편(한국관광공사),인천,37.44885,126.44885,032-743-2602,07:00-22:00,연중무휴,영/일/중,인천 영종구 공항로 272
인천국제공항 관광안내소 동편(한국관광공사),인천,37.45835,126.4277,032-743-2600,07:00-22:00,연중무휴,영/일/중,인천 영종구 공항로 272
인천국제공항 관광안내소 동편(인천광역시),인천,37.45835,126.4277,032-743-0013,07:00-22:00,연중무휴,영/일/중,인천 영종구 공항로 272
인천 제1국제여객터미널 관광안내소(한국관광공사),인천,37.45307,126.5966,032-891-2030,09:00-18:00,"신정, 구정, 추석 연휴, 일요일(입항 스케줄에 따라 유동적 근무)",,인천 제물포구 항동7가 85-72
인천 제1국제여객터미널 관광안내소(인천광역시),인천,37.45307,126.5966,032-891-2030,09:00-18:00,"신정, 구정, 추석 연휴에는입항 스케줄에 따라 유동적 근무, 일요일 여객터미널 전체휴관",,인천 제물포구 항동7가 85-72
연안여객터미널 관광안내소,양양,38.0853,128.62978,032-518-3166,07:30-15:30,"신정(1월1일),명절 및 운항 일정에 따라 유동적",,강원특별자치도 양양군 양양읍 동해대로 2700
인천 제2국제여객터미널 관광안내소(인천광역시),인천,37.46355,126.62481,032-761-3068,09:00-18:00,"일요일, 신정, 구정, 추석 연휴(입항 스케줄에 따라 유동적 근무)",,인천 제물포구 내항로 200
인천버스터미널 관광안내소,인천,37.44176,126.70151,032-435-7257,09:00-18:00,"신정, 추석연휴, 설연휴",영,인천 미추홀구 연남로 35
인천 제1국제여객터미널 관광안내소(인천항만공사),인천,37.45352,126.5963,032-880-3210,09:00-18:00,"신정, 구정, 추석 연휴, 일요일(입항 스케줄에 따라 유동적 근무)",,인천 제물포구 연안부두로 88
북촌 정독관광안내소,서울,37.57947,126.98242,02-2148-4161,10:00-18:00,월요일,,서울 종로구 북촌로5길
광희시장안내소,서울,37.56658,127.00784,02-2233-2370,17:00~02:00,"설날, 추석 당일",,서울 중구 장충단로 247
남대문 움직이는 관광안내소,서울,37.5604,126.97721,02-757-7482,09:30-18:30,스케줄에 따라 유동적,영/일/중,서울 중구 남대문로4가 18-2
남대문관광안내소,서울,37.56023,126.97635,02-752-1913,10:00-19:00,"연중 2일 휴무(설날, 추석 당일)",한/영/일/중,서울 중구 남대문로 2-2
한국관광공사 관광안내센터,서울,37.56853,126.98163,02-729-9497~8,10:00~19:00 (마감 20분전까지 입장 가능),연중무휴,한/영/일/중,서울 중구 청계천로 40
한남동 관광안내소 (KATA),서울,37.5345,126.99443,02-794-5579,09:00-18:00,연중무휴,,서울 용산구 이태원동 119-23
서울글로벌문화체험센터,서울,37.56255,126.98519,02-3789-7961,10:00-19:00,"월요일, 1월 1일, 설과 추석당일 휴관",영/일/중/,서울 중구 명동8길 27
동대문 움직이는 관광안내소,서울,37.56756,127.00775,02-757-7482,12:00-20:00,스케줄에 따라 유동적,영/일/중/러,서울 중구 을지로6가 18-85
동대문안내소,서울,37.56658,127.00784,02-2236-9135,10:00-익일 01:00,"연중 2일 휴무(설날, 추석 당일)",영/일/중,서울 중구 장충단로 247
영등포역(철도공사),서울,37.51568,126.90788,02-2639-3310,06:00~23:00,연중무휴,,서울 영등포구 경인로 846
영주역 안내소( 2023. 8. 15 ~ 12. 31까지 영주역사 바닥공사로 인해 임시 휴업),영주,36.8105,128.62466,054-634-3105,10:00~17:00,"설날, 추석당일",영어,경북 영주시 휴천동 257
종로 관광안내소,서울,37.59289,126.96685,070-7008-3322,10:00-19:00,"설, 추석 당일",영/중/일,서울 종로구 청운동 산 1-1
태화강 관광안내소,울산,35.53906,129.35229,052-244-7717,09:00~18:00,연중무휴,영/일/중,울산 남구 산업로 646
대왕암 관광안내소,울산,35.49042,129.43525,052-233-7716,09:00~18:00,연중무휴,영/일/중,울산 동구 등대로 95
통일안보공원 관광안내소,고성,38.51442,128.41666,033-681-8378,09:00~17:30,연중무휴,영어,강원특별자치도 고성군 현내면 금강산로 481
속초 시외버스터미널 관광안내소,속초,38.19091,128.59813,033-639-2830,09:00~18:00,명절,영어/중국어/일본어,강원특별자치도 속초시 청호로1길 19
서울역( 철도공사),서울,37.55333,126.96975,02-3149-2530,05:00~23:00,연중무휴,,서울 용산구 청파로 378
이태원관광안내소,서울,37.5345,126.99443,02-3785-0942,10:00-19:00,"연중 2일 (설날, 추석 당일)",한/영/일/중,서울 용산구 이태원동 119-23
용산역(철도공사),서울,37.53008,126.96482,02-3780-5408,05:00~23:00,연중무휴,,서울 용산구 한강대로23길 55
이태원움직이는관광안내소,서울,37.53503,126.99715,02-757-7482,10:00-19:00,스케줄에 따라 유동적,,서울 용산구 한남동 737-37
한남동 관광안내소(KATA),서울,37.5345,126.99443,02-794-5579,09:00-18:00,연중무휴,,서울 용산구 이태원동 119-23
북촌 움직이는 관광안내소,서울,37.58066,126.98522,02-757-7482,09:00-18:00,스케줄에 따라 유동적,영/일/중,서울 종로구 가회동 172-1
여수 연안여객선터미널 관광안내소,여수,34.73842,127.73231,061-659-5707,9:00-18:00,연중무휴,,전남광주통합특별시 여수시 교동 682-1
여수공항 관광안내소,여수,34.84046,127.61367,061-659-5699,9:00-18:00,연중무휴,,전남광주통합특별시 여수시 율촌면 여순로 386
진주성 관광통역안내소(KATA),진주,35.19049,128.081,055-741-4095,09:00-18:00,연중무휴,일,경남 진주시 남강로 626
인사동 홍보관,서울,37.57368,126.98359,02-737-7890,09:30-18:30,연중무휴,영/일,서울 종로구 인사동11길 19
북인사 관광안내소,서울,37.57539,126.98351,02-734-0222,10:00-18:00,연중무휴,영,서울 종로구 인사동길 62
광화문관광안내소,서울,37.56979,126.97656,02-735-8688,10:00-19:00,"매주 토요일, 명절 당일 휴무(설날, 추석 당일)",영/일/중,서울 종로구 세종로 215
인사동움직이는관광안내소,서울,37.57227,126.98658,02-757-7482,10:00-19:00,스케줄에 따라 유동적,,서울 종로구 인사동 157
남인사 관광안내소,서울,37.57151,126.98735,02-737-7885,10:00-18:00,연중무휴,영어 일어,서울 종로구 인사동길 6
북촌 재동관광안내소,서울,37.57994,126.9855,02-2148-4160,09:00-18:00,1월1일,,서울 종로구 북촌로4길 7
한국관광통역안내 1330,서울,37.55399,126.97561,02-2152-1810,09:00-09:00,연중무휴,한/영/일/중/러/베/태/말,서울 중구 소월로2길 30
삼일교안내소,서울,37.5686,126.98717,720-0872,09:00~22:00,"구정,추석",,서울 종로구 관철동 10-2
제주관광정보센터 다보라관,서울,37.5274,126.91854,02-785-2210,09:00-18:00,"일요일, 공휴일 휴무",,서울 영등포구 여의도동 1-6
신촌역사관광안내소,서울,37.55947,126.94287,02-363-7833,10:00-19:00,"연중무휴(단, 설날, 추석 당일만 휴무)",영/일/중,서울 서대문구 신촌동 74-21
고속 터미널,서울,37.50619,127.00745,02- 535-4151,09:00~18:00,없음,,서울 서초구 신반포로 194
서울만남의광장휴게소 종합관광안내소,서울,37.46008,127.04217,02-578-3372,08:00~20:00,연중무휴,,서울 서초구 원지동 10-16
마포관광정보센터,서울,37.55442,126.92268,02-334-7878,10:00~19:00,"명절전날, 명절당일,근로자의날",영/일/중,서울 마포구 홍익로 22
서라벌 관광정보센터,경주,35.81208,129.19675,054-777-1330,09:00-18:00,연중무휴,영/중/일,경북 경주시 서라벌대로 417
대구동성로 관광안내소,대구,35.87167,128.59389,053-252-2696,10:00-19:00,연중무휴,영/중/일,대구 중구 중앙대로 435
동회사관광안내소,대구,35.87285,128.58733,053-985-0980,09:00~18:00,,,대구 중구 서성로1가 50
대구역 관광통역안내소(KATA),대구,35.87507,128.59614,053-660-1432,09:00-18:00,연중무휴,영/일,대구 중구 태평로1가 1-2
광주공항 관광안내소,광주,35.13983,126.811,062-940-0315,07:00~21:00,연중무휴,영/일/중/러,전남광주통합특별시 광산구 상무대로 420-25
약령시관광안내소,대구,35.86811,128.59004,053-661-3324,09:00-18:00,설날 당일 휴관합니다.,,대구 중구 남성로 51-1
서문시장 관광안내소,대구,35.86873,128.58092,053-661-3266,10:00-18:00,-,,대구 중구 대신동 115-378
대구약령시관광안내소,대구,35.86811,128.59004,053-661-3324,09:00-18:00,"설날, 추석 당일",영/일/중,대구 중구 남성로 51-1
대구관광정보센터,대구,35.85086,128.55768,053-627-8900,09:00-18:00,연중무휴,한/영/일/중,대구 달서구 공원순환로 46
대구관광 정보센터,대구,35.85086,128.55768,053-627-8900,09:00~:,,,대구 달서구 공원순환로 46
동화사 관광통역안내소(KATA),대구,36.00268,128.70304,053-985-0980,09:00-17:00,연중무휴,,대구 동구 동화사1길 1
동대구역(철도공사),대구,35.87916,128.62866,053-940-2227,09:00~17:00,연중무휴,,대구 동구 신암동 294
대구경북 관광안내센터(동대구역),대구,35.87944,128.62878,053-939-0080,09:00-19:00,연중무휴,한/영/일/중,대구 동구 동대구로 550
목포대교안내소,목포,34.80439,126.36729,061-270-8593,09:00-18:00,연중무휴,,전남광주통합특별시 목포시 죽교동 620-225
장계관광지 관광안내소,옥천,36.37674,127.63648,043-730-3473,09:00-18:00,"매주 월요일, 설날,추석당일 휴무",,충북 옥천군 안내면 장계리 산 7-1
옥천(부산)휴게소 안내소,강릉,37.7573,128.80662,043-731-8521,08:00~20:00,연중무휴,,강원특별자치도 강릉시 성산면 영동고속도로 232
옥천(서울)휴게소 안내소,강릉,37.7573,128.80662,043-731-8096,08:00~20:00,연중무휴,,강원특별자치도 강릉시 성산면 영동고속도로 232
옥천(부산),옥천,36.31803,127.58744,043-731-8521,08:00~20:00,연중무휴,,충북 옥천군 옥천읍 향수길 119
의림지관광안내소,제천,37.17412,128.20804,043-651-7101,09:00-18:00,연중무휴,,충북 제천시 모산동 238-16
청풍관광정보센터,제천,37.01077,128.18125,043-641-6731,09:00-18:00,연중무휴,,충북 제천시 청풍면 청풍호로50길 6
오송역 충북관광안내소,청주,36.62047,127.32714,043-236-8588,09:00-18:00,일요일,한/영/중,충북 청주시 흥덕구 오송읍 오송가락로 123
청주 국제공항 관광안내소,청주,36.7222,127.49574,043-214-2114,08:00-22:00,연중무휴,한/중/영,충북 청주시 청원구 내수읍 오창대로 980
청남대 관광안내소,청주,36.51416,127.49864,043-220-6417,09:00-18:00,"월요일, 추석, 신정, 구정 당일",,충북 청주시 상당구 문의면 대청호반로 803
청원(서울)휴게소 안내소,청주,36.71664,127.34902,043-237-8835,08:00~20:00,연중무휴,,충북 청주시 흥덕구 옥산면 장남리 284-16
청원(서울),청주,36.71664,127.34902,043-237-8835,08:00~20:00,연중무휴,,충북 청주시 흥덕구 옥산면 장남리 284-16
옥산(부산)휴게소 안내소,청주,36.65808,127.36967,043-260-1053,08:00~20:00,연중무휴,,충북 청주시 흥덕구 옥산면 오산리 589-15
무령왕릉 관광안내소,공주,36.46147,127.11183,041-840-2260,09:00-18:00 (점심시간 12:00~13:00),추석 및 설날 당일,영/일,충남 공주시 웅진동 300-19
동학사 관광통역안내소(KATA),공주,36.35802,127.2376,042-823-3944,09:00-17:00,연중무휴,,충남 공주시 반포면 동학사1로 281
무령왕릉안내소,공주,36.46147,127.11183,041-856-3151,09:00-18:00 (관람종료 30분전까지 입장),"설날, 추석 당일",,충남 공주시 웅진동 300-19
충주종합관광안내소,충주,37.0178,127.86504,043-842-0531,09:00-18:00,"추석, 설날 당일",,충북 충주시 중앙탑면 중앙탑길 112-9
충주(마산방향)휴게소,충주,37.02324,127.83925,043-857-9339,08:00~20:00,연중무휴,,충북 충주시 중앙탑면 중부내륙고속도로 230-1
충주(여주)휴게소,충주,37.02324,127.83925,043-857-9229,08:30~20:20,연중무휴,,충북 충주시 중앙탑면 중부내륙고속도로 230-1
수안보 관광통역안내소(KATA),충주,36.84571,127.99223,043-848-4826,09:00-18:00,연중무휴,,충북 충주시 수안보면 온천중앙길 36-1
수안보관광안내소,충주,36.84831,127.98901,043-845-7829,09:00-18:00,"추석, 설날 당일 휴무",,충북 충주시 수안보면 주정산로 12
충주 공용버스터미널 관광안내소,충주,36.9888,127.90777,043-850-7329,09:00-18:00,연중무휴,,충북 충주시 남한강로 26
다누리센터 관광홍보관,단양,36.98552,128.37087,043-423-4235,09:00-17:00,월요일,"영어, 일어",충북 단양군 단양읍 수변로 111
단양군 관광안내소,단양,36.95998,128.42764,043-422-1146,09:00-18:00,연중무휴,,충북 단양군 단양읍 소백산등산길 103
도담삼봉 관광안내소,단양,37.00089,128.34181,043-422-3037,10:00-17:00,연중무휴,,충북 단양군 매포읍 삼봉로 644-13
속리산 관광안내소,보은,36.51058,127.80652,043-542-3006,09:00-18:00,연중무휴,,충북 보은군 속리산면 속리산로 743
영동 송호국민관광지 안내소,영동,36.13052,127.67859,043-740-3228,09:00-18:00,연중무휴,,충북 영동군 양산면 송호로 125
삼척 관광안내소,삼척,37.32649,129.02132,033-575-1330,09:00-18:00,"연중무휴, 설/추석 명절 당일 휴무",영,강원특별자치도 삼척시 신기면 환선로 800
삼척시립박물관 관광안내소,삼척,37.44026,129.16802,033-575-0768,09:00-18:00,연중무휴,,강원특별자치도 삼척시 중앙로 192
동굴신비관 관광안내소,삼척,37.44114,129.1172,033-574-6828,09:00-18:00,연중무휴,폐쇄,강원특별자치도 삼척시 도경길 122-51
동굴탐험관 관광안내소,삼척,37.44017,129.15893,033-574-6228,09:00-18:00,연중무휴,,강원특별자치도 삼척시 엑스포로 50
죽서루 관광안내소,삼척,37.44026,129.16802,033-575-1330,09:00-18:00,연중무휴,,강원특별자치도 삼척시 중앙로 192
"대금굴, 환선굴",삼척,37.32613,129.0209,033-541-9266,08:00-18:30,운영종료,,강원특별자치도 삼척시 신기면 환선로 800
어촌민속전시관 관광안내소,삼척,37.26802,129.32725,033-572-4429,09:00-18:00,연중무휴,,강원특별자치도 삼척시 원덕읍 삼척로 1852-6
속초관광수산시장관광안내소,속초,38.20274,128.59223,033-639-2568,09:00-18:00,명절,영어/중국어/일본어,강원특별자치도 속초시 중앙부두길 49
해맞이공원 관광안내소,속초,38.16315,128.60852,033-635-2003,09:00-18:00,명절,영어/중국어/일본어,강원특별자치도 속초시 동해대로 3664
해맞이관광안내소,속초,38.16315,128.60852,033-635-2003,09:00-18:00,연중무휴,영,강원특별자치도 속초시 동해대로 3664
강원도 국제관광정보센터,속초,38.1908,128.58257,033-637-4504,09:00-21:30,"설날, 추석 당일",,강원특별자치도 속초시 엑스포로 75
속초 고속버스터미널 관광안내소,속초,38.19091,128.59813,033-639-2689,09:00-18:00,명절,영어/중국어/일본어,강원특별자치도 속초시 청호로1길 19
"양구군 종합 관광안내소(통일관, 두타현갤러리)",양구,38.11012,127.99093,033-480-2675,09:00-18:00,월요일,,강원특별자치도 양구군 양구읍 하리 34-5
양양군 종합 관광안내소,양양,38.0853,128.62978,033-670-2398,09:00-18:00,연중무휴,한/중,강원특별자치도 양양군 양양읍 동해대로 2700
영월군 종합관광안내소,영월,37.19534,128.45503,033-374-4215,09:00~18:00,연중무휴,,강원특별자치도 영월군 영월읍 영흥리 1090-1
천안시외버스터미널관광안내소,천안,36.81911,127.15624,041-569-0041,09:00-18:00,"특정일(신정, 설날, 추석) 당일 휴관",한/기,충남 천안시 동남구 만남로 43
문막(서창)휴게소 종합안내소,원주,37.33521,127.8582,033-734-1625,08:30~20:30,연중무휴,,강원특별자치도 원주시 문막읍 원문로 1234
문막(강릉)휴게소 안내소,원주,37.33521,127.8582,033-731-8481,07:00~20:00,연중무휴,,강원특별자치도 원주시 문막읍 원문로 1234
치악(춘천)휴게소,원주,37.25682,128.0471,033-763-6069,08:00~20:00,연중무휴,,강원특별자치도 원주시 신림면 다리실2길 32
치악(부산)휴게소,원주,37.25682,128.0471,033-763-8578,08:00~20:00,연중무휴,,강원특별자치도 원주시 신림면 다리실2길 32
충북 종합 관광안내소(미운영),청주,36.62572,127.4322,043-233-8430,09:00~18:00,미운영,미운영,충북 청주시 흥덕구 풍산로 14
춘천(부산방향) 안내소,춘천,37.88473,127.71707,033-264-0393,08:00~20:00,연중무휴,,강원특별자치도 춘천시 근화동 190
낭만누리 관광안내소(호수문화권),춘천,37.81832,127.71769,033-250-4300,09:00~17:00,"월요일, 설날, 추석",,강원특별자치도 춘천시 신동면 김유정로 1430-14
춘천시청 관광안내소,춘천,37.88473,127.71707,033-250-3089,09:00-18:00,연중무휴,중,강원특별자치도 춘천시 근화동 190
강원도 종합관광안내센터,정선,37.38001,128.66487,033-244-6899,09:00-18:00,"설날, 추석 당일",한/중,강원특별자치도 정선군 정선읍 정선로 1357-1
남춘천역 관광안내소(호수문화권),춘천,37.86406,127.72387,033-250-3322,09:00-18:00,"설, 추석",,강원특별자치도 춘천시 영서로 2260
태백 종합 관광안내소,태백,37.17608,128.98461,033-550-2828,09:00-18:00,연중무휴,영어/중국어,강원특별자치도 태백시 서황지로 71
평창군종합관광안내센터,평창,37.6141,128.37159,033-330-2771,09:00-17:30,명절,,강원특별자치도 평창군 봉평면 이효석길 157
평창군 봉평효석 문화마을,평창,37.61448,128.37214,033-330-2771,09:00~18:00,,,강원특별자치도 평창군 봉평면 원길리 262-6
평창(서창)휴게소 안내소,평창,37.60539,128.45292,033-332-6130,08:00~20:00,연중무휴,,강원특별자치도 평창군 용평면 경강로 2159-58
평창(강릉)휴게소 종합안내소,평창,37.60539,128.45292,033-334-5100,08:00~20:00,연중무휴,,강원특별자치도 평창군 용평면 경강로 2159-58
월정사 관광안내소,평창,37.73066,128.59556,033-330-2772,10:00~17:00,연중무휴,,강원특별자치도 평창군 진부면 동산리 64-5
홍천 관광안내소,홍천,37.87964,128.51468,033-433-1259,09:00-18:00,연중무휴,,강원특별자치도 홍천군 내면 구룡령로 7846
붕어섬관광안내소,화천,38.10263,127.7056,033-440-2557,09:00~18:00,,,강원특별자치도 화천군 화천읍 강변로 27
시외버스터미널 관광안내소,통영,34.885,128.41705,033-440-2575,09:00-17:00,연중무휴,,경남 통영시 광도면 죽림4로 24
횡성(강릉)휴게소 안내소,횡성,37.46335,128.13457,033-344-3832,08:00~20:00,연중무휴,,강원특별자치도 횡성군 안흥면 소사리 1530-1
횡성(인천)비즈니스센타,횡성,37.46486,128.1344,033-332-6130,08:30~20:30,연중무휴,,강원특별자치도 횡성군 안흥면 소사리 1511
횡성 먹거리단지 관광안내소,횡성,37.46003,127.97451,033-342-2330,09:00-18:00,연중무휴,,강원특별자치도 횡성군 횡성읍 횡성로 57
고성군 화진포관광안내소,고성,38.47251,128.44309,033-680-3677,09:00~18:00,연중무휴,중/한,강원특별자치도 고성군 거진읍 화진포길 280
용촌관광교통안내소,고성,38.24421,128.56949,033-680-3676,09:00-17:00,월~금,,강원특별자치도 고성군 토성면 봉포리 산 3-35
망상 종합 관광안내소,동해,37.59225,129.08969,033-530-2800,09:00-18:00,"신정, 구정, 추석",영어/일어/중국어/러시아어,강원특별자치도 동해시 동해대로 6270-10
무릉계곡 관광안내소,동해,37.46347,129.01939,033-530-2802,09:00-18:00,"신정, 구정, 추석",영어/중국어/일본어/러시아어,강원특별자치도 동해시 삼화로 538
추암 관광안내소,삼척,37.47223,129.16443,033-530-2801,09:00-18:00,"신정, 구정, 추석",영어/중국어/일본어/러시아어,강원특별자치도 삼척시 수로부인길 453
삼척시청 관광안내소,삼척,37.32361,129.26637,033-570-3546,운영종료,운영종료,운영종료,강원특별자치도 삼척시 근덕면 공양왕길 2
궁촌레일바이크,삼척,37.32361,129.26637,033-576-0658,09:00-18:00,"설날, 추석 당일",국,강원특별자치도 삼척시 근덕면 공양왕길 2
모래시계공원(정동진) 관광안내소,강릉,37.68713,129.03799,033-640-4536,09:00-18:00,"설날, 추석 당일",,강원특별자치도 강릉시 강동면 정동진리 7-1
강릉시 모래시계관광 안내소,강릉,37.68713,129.03799,033-640-4533,09:00~18:00,,,강원특별자치도 강릉시 강동면 정동진리 7-1
강릉시 경포 관광안내소,강릉,37.80521,128.90674,033-640-4536,09:00~18:00,,,강원특별자치도 강릉시 경포로 515
강릉역 관광안내소,강릉,37.76451,128.89969,033-642-8692,09:00-18:00,명절 당일,영어/중국어/일본어,강원특별자치도 강릉시 용지로 176
화천 관광안내소(구: 강변 관광안내소),화천,38.10263,127.7056,033-440-2557,09:00-17:00,"설날, 추석",,강원특별자치도 화천군 화천읍 강변로 27
아산시 문화관광홍보관,아산,36.78091,127.00398,041-537-3008,09:00-18:00,"토요일, 일요일, 공휴일",,충남 아산시 온천동 69-10
구례군 문화관광안내소,구례,35.24503,127.49043,070-8816-2030,09:00-18:00,"추석, 설연휴",,전남광주통합특별시 구례군 마산면 황전리 산 20-13
강릉(강릉)휴게소 안내소,강릉,37.7573,128.80662,033-648-9590,08:00~20:00,연중무휴,,강원특별자치도 강릉시 성산면 영동고속도로 232
강원도 종합관광안내소,강릉,37.80479,128.90695,033-640-4531,09:00~18:00,,,강원특별자치도 강릉시 안현동 산 2-11
강릉 주문진 관광안내소,강릉,37.88984,128.82848,033-640-4535,09:00-18:00,명절 당일,영어/일어/중국어,강원특별자치도 강릉시 주문진읍 해안로 1734
강릉 터미널 종합관광안내소,강릉,37.75469,128.8788,033-640-4537,09:00-18:00,"설날, 추석 당일",한/영/일/중,강원특별자치도 강릉시 하슬라로 27
강릉 경포여행자센터,강릉,37.80521,128.90674,033-640-4531,09:00-18:00,명절 당일,영/일/중,강원특별자치도 강릉시 경포로 515
백담 관광정보센터,인제,38.19318,128.35259,033-463-6644,09:00-18:00,명절 등,중국어,강원특별자치도 인제군 북면 백담로 100
인제군 관광정보센터,인제,38.06478,128.17469,033-460-2170,09:00-18:00,"설날, 추석 당일",중국어,강원특별자치도 인제군 인제읍 비봉로 50
정선 종합관광안내소,정선,37.38001,128.66487,033-563-3122,10:00-17:00,연중무휴,,강원특별자치도 정선군 정선읍 정선로 1357-1
강원도 종합 관광안내소(춘천),춘천,37.8847,127.71723,033-244-0088,09:00-18:00,명절,한/중,강원특별자치도 춘천시 공지로 591
남이섬관광안내소,춘천,37.79015,127.52608,031-580-8114,평일 08:00-18:30 주말: 08:00-21:00,연중무휴,,강원특별자치도 춘천시 남산면 남이섬길 1
포천갤러리 관광안내소,포천,38.06648,127.3156,031-538-2472,09:00-18:00,월요일,,경기 포천시 영북면 산정호수로411번길 5
광명역(철도공사),광명,37.4162,126.88468,02-898-8898,05:00~14:00,연중무휴,,경기 광명시 광명역로 21
애버랜드,용인,37.2931,127.2022,031-321-9393,09:00-18:00,연중무휴,,경기 용인시 처인구 포곡읍 에버랜드로 199
이천 관광안내소,이천,37.27967,127.42787,031-634-6770,09:30-18:00,연중무휴,,경기 이천시 경충대로2709번길 128
이천(통영)휴게소,이천,37.24134,127.38985,031-637-0987,08:00~20:00,연중무휴,,경기 이천시 마장면 덕이로154번길 287-76
선산(마산)휴게소 안내소,구미,36.27612,128.24897,054-482-6031,08:00~20:00,연중무휴,,경북 구미시 옥성면 대원리 85-1
구미 종합 관광안내소,구미,36.12833,128.33094,070-7766-7541,09:00-18:00,연중무휴,,경북 구미시 구미중앙로 76
군위(부산)휴게소 안내소,대구,36.28291,128.54839,054-383-6114,08:00~20:00,연중무휴,,대구 군위군 군위읍 대흥리 산 67-5
군위(춘천)휴게소 안내소,대구,36.25088,128.60735,054-383-7114,08:00~20:00,연중무휴,,대구 군위군 군위읍 상곡리 산 68-8
김천시관광안내소,김천,36.11699,128.00978,054-437-9667,09:00-18:00,"일요일, 월요일",,경북 김천시 대항면 직지사길 130
문경관광안내소,문경,36.74202,128.08277,054-550-6414,10:00-16:00,"설,추석 연휴",,경북 문경시 문경읍 문경대로 2426
경북관광홍보관,경주,35.84455,129.28646,054-745-0753,09:00-18:00,연중무휴,영/일,경북 경주시 신평동 375-6
서라벌관광정보센터,경주,35.81208,129.19675,054-777-1330,09:00~18:00,연중무휴,,경북 경주시 서라벌대로 417
불국사 관광안내소,경주,35.78628,129.32871,054-746-4747,09:00-18:00,연중무휴,영/중/일,경북 경주시 진현동 50-2
청도(하)휴게소안내소,청도,35.59536,128.76693,054-000-0000,08:00~20:00,,,경북 청도군 청도읍 하지길 59-49
청도(상)휴게소안내소,청도,35.59536,128.76693,054-000-0000,08:00~20:00,,,경북 청도군 청도읍 하지길 59-49
인천 제2국제여객터미널 관광안내소(한국관광공사),인천,37.46355,126.62481,032-761-3068,09:00-18:00,일요일,,인천 제물포구 내항로 200
포항역(동해선) 관광안내소,포항,36.03915,129.36517,054-270-5837,10:00-17:00,연중무휴,없음,경북 포항시 북구 중앙상가길 50-1
포항시 관광안내소,포항,35.99105,129.56041,054-270-5836,09:30-17:00,연중무휴,없음,경북 포항시 남구 구룡포읍 구룡포길 143
포항 터미널,포항,36.05175,129.37779,054-251-8924,19:00~18:00,,,경북 포항시 북구 항구동 58-54
청통(대구방향)휴게소,영천,35.99395,128.85911,054-337-5009,08:00~20:00,연중무휴,,경북 영천시 청통면 청통로 334-42
예천온천 관광안내소,예천,36.72282,128.49889,054-650-6587,06:00-20:00,연중무휴,,경북 예천군 감천면 온천길 27
울릉군 저동항관광안내센터,울릉,37.49467,130.90964,054-791-6629,09:00-18:00,연중무휴(명절당일 오전만 쉼),없음,경북 울릉군 울릉읍 울릉순환로 183
울릉군 도동항관광안내센터,울릉,37.48223,130.90798,054-790-6454,09:00-18:00,연중무휴(명절 당일 오전만 쉼),없음,경북 울릉군 울릉읍 도동1길 5-3
백암 관광 안내소,울진,36.72133,129.34346,054-789-5480,09:00-18:00,"명절휴무, 공휴일, 화요일",,경북 울진군 온정면 온천로 5
KTX경주역(구 신경주역)관광안내소,경주,35.79836,129.13907,054-771-1336,09:00-19:00,연중무휴,영/중/일,경북 경주시 건천읍 경주역로 80
경주(부산방향)휴게소,경주,35.72374,129.19236,054-748-3828,08:00~20:00,연중무휴,,경북 경주시 내남면 경부고속도로 59
경주고속터미널 관광안내소,경주,35.83826,129.21035,054-772-9289,09:00-18:00,연중무휴,영/중/일,경북 경주시 계림로 9
경주역(철도공사),경주,35.84504,129.21783,054-743-4114,09:00~23:00,연중무휴,,경북 경주시 성동동 40
경산 종합관광안내소,대구,35.89999,128.63743,054-854-1803,09:00-18:00,연중무휴,,대구 동구 공항로 221
경산(서울)휴게소 안내소,경산,35.86168,128.79945,053-852-5243,08:00~20:00,연중무휴,,경북 경산시 진량읍 선화리 995-3
신안군 송공항 관광안내소,신안,34.84814,126.22693,061-240-8975,09:00-18:00,연중무휴,,전남광주통합특별시 신안군 압해읍 압해로 1852-14
부곡온천관광협의회,창녕,35.43951,128.58884,055-536-6276,,,,경남 창녕군 부곡면 온천중앙로 37
경북 관광안내센터,영양,36.7255,129.22488,054-852-6800,09:00-18:00,연중무휴,영/중/일,경북 영양군 수비면 자작나무길 79
안동역,안동,36.56266,128.73292,054-852-6800,09:00~18:00,,,경북 안동시 경동로 684
안동(춘천)휴게소 안내소,안동,36.55162,128.6431,054-853-4061,08:00~20:00,연중무휴,,경북 안동시 풍산읍 계평리 산 128-2
안동하회마을 관광통역안내소(KATA),안동,36.54822,128.52649,054-852-3588,09:00-17:00,연중무휴,영/일,경북 안동시 풍천면 전서로 216
부석사 관광안내소,영주,36.9948,128.68157,054-638-5833,10:00-17:00,설.추석 당일,,경북 영주시 부석면 부석사로 314
소수서원 관광안내소,영주,36.92753,128.58268,054-639-5852,10:00-17:00,연중무휴,한/영/중/일,경북 영주시 순흥면 소백로 2796
백제군사박물관,논산,36.1924,127.18141,041-730-4538,09:00-17:00,연중무휴,,충남 논산시 부적면 충곡로 311-54
보령종합터미널 관광안내소,보령,36.34232,126.58562,041-930-3869,09:00~18:00,연중무휴,,충남 보령시 내항동 343-1
대천역 관광안내소,보령,36.34232,126.58562,041-932-2023,09:00-18:00,연중무휴,한/일/중,충남 보령시 내항동 343-1
복합관광안내센터,대전,36.35123,127.43748,041-931-2056,10:00~17:00,연중무휴,,대전 동구 동서대로1695번길 30
대천 해수욕장 관광 안내소,보령,36.31558,126.51086,041-930-3748,10:00~17:00,연중무휴,,충남 보령시 머드로 123
시민탑광장 안내소,보령,36.31975,126.50834,041-931-7049,09:00~18:00,연중무휴,,충남 보령시 신흑동 2216-1
충남 종합 관광안내소,부여,36.28405,126.91453,041-830-2880~1,09:00-18:00,"1월1일, 설날, 추석 당일, 근로자의날",영/일/중/,충남 부여군 부여읍 성왕로 247-9
서산(시흥)휴게소 안내소,서산,36.73442,126.5645,041-688-7714,08:30~20:30,연중무휴,,충남 서산시 해미면 삼송리 236-11
서천(서울)휴게소 안내소,서천,36.13184,126.628,041-952-9700,08:00~20:00,연중무휴,,충남 서천군 비인면 서해안고속도로 168
서천(목포)휴게소 안내소,서천,36.13184,126.628,041-952-5757,08:00~20:00,연주중무휴,,충남 서천군 비인면 서해안고속도로 168
온양민속박물관,아산,36.79204,127.0063,041-547-1050,09:00~18:00,,,충남 아산시 충무로 123
아산외암마을,아산,36.73023,127.01661,041-540-2110,10:00~17:00,명절 당일,,충남 아산시 송악면 외암민속길 34
KTX 천안아산역관광안내소(아산시운영),아산,36.79451,127.10445,041-538-8018,09:00-18:00,"명절당일 휴무, 그 외 휴무일 없음",영,충남 아산시 배방읍 희망로 100
외암민속마을 관광안내소,아산,36.73033,127.01377,041-540-2110,10:00-17:00,"명절당일 휴무, 그 외 연중무휴",,충남 아산시 송악면 외암민속길 5
아산시 관광안내소,아산,36.78069,127.00352,041-540-2517,09:00-18:00,연중무휴,한/일/중,충남 아산시 온천동 272-25
예산군 종합 관광안내소,예산,36.69076,126.65938,041-339-8931,09:00-18:00,"설날, 추석 당일",,충남 예산군 덕산면 온천단지2로 11
천안역 관광안내소,천안,36.80928,127.14724,041-521-2038,09:00-18:00,연중무휴,,충남 천안시 동남구 대흥로 239
각원사 관광안내소,천안,36.8344,127.19589,,09:00~18:00,,,충남 천안시 동남구 안서동 171-3
속동관광안내소(무인),홍성,36.57679,126.46431,041-631-1041,10:00-18:00,월요일,,충남 홍성군 서부면 상황리 628-2
금산군 관광안내소,금산,36.10014,127.49985,041-751-2484,09:00-18:00,연중무휴,,충남 금산군 금산읍 인삼광장로 33
관촉사,논산,36.18818,127.11321,041-736-5700,09:00~17:00,,,충남 논산시 관촉로1번길 25
논산역관광안내소,논산,36.18065,127.08122,041-730-4540,09:00~17:00,연중 무휴,,충남 논산시 등화동 32
울산공항 관광안내소,울산,35.59285,129.35587,052-229-6351,09:00-18:00,연중무휴,,울산 북구 산업로 1103
부산트래블라운지,부산,35.11384,129.03819,051-441-3121,09:00-18:00,연중 무휴,영 중 러,부산 동구 대영로243번길 38
부산역(철도공사),부산,35.11571,129.04282,051-440-2516,04:00~23:00,연중무휴,,부산 동구 초량동 1187-1
부산역 부산관광안내소,부산,35.11719,129.0484,051-441-6565,09:00-20:00,연중무휴,영/일/중/러,부산 동구 초량동 1273
울산관광안내소,울산,35.53867,129.33907,052-260-6901,09:00-18:00,연중무휴,영/일,울산 남구 삼산로 288
울산종합관광안내소,울산,35.53906,129.35229,052-258-8830,09:00-18:00,연중무휴,일/중,울산 남구 산업로 646
시외버스터미널안내소,통영,34.885,128.41705,052-229-6353,09:00~18:00,,,경남 통영시 광도면 죽림4로 24
부산종합관광안내소,부산,35.09763,129.0322,051-253-8253,9:00-18:00,연중무휴,영/일/중/러,부산 중구 구덕로 31
동삼동국제크루즈터미널 임시관광안내소,부산,35.08076,129.07918,051,00:00,국제크루즈 출입항일에만 임시운영,,부산 영도구 해양로301번길 17
부산항국제여객터미널 부산관광안내소,부산,35.11784,129.04964,051-465-3471,08:00-19:00,연중 무휴,영,부산 동구 충장대로 206
창선 관광안내소,남해,34.85185,128.05355,051-242-8253,09:00-19:00,"설날, 추석 당일",,경남 남해군 창선면 흥선로 1330
송정관광안내소,부산,35.1794,129.19969,051-749-5800,09:00-18:00,연중무휴,,부산 해운대구 송정해변로 62
해운대 관광안내소,부산,35.15917,129.16026,051-749-5700,09:00-18:00,연중무휴,,부산 해운대구 해운대해변로 264
Bexco관광안내소,부산,35.16906,129.13602,051-740-7339,09:00~18:00,연중 무휴,,부산 해운대구 APEC로 55
달맞이길 관광안내소(결번),부산,35.15766,129.18253,051-749-5710,09:00-18:00,연중무휴,영,부산 해운대구 달맞이길 190
부산역 관광안내소,부산,35.11529,129.04224,051-441-6565,09:00-20:00,연중무휴,영/중,부산 동구 중앙대로 206
광안리 U관광안내소,부산,35.15383,129.1186,051-607-4848,09:00-18:00,연중무휴,영/일,부산 수영구 광안해변로 219
김해공항-경주안내소(국제선),부산,35.17291,128.9468,051-973-1033,09:00-18:00,연중무휴,한/일,부산 강서구 공항진입로 108
김해공항-경남관광안내소(국내선),부산,35.1703,128.94881,051-973-4527,09:00-18:00,일요일,영/일,부산 강서구 대저2동 2798-1
김해공항 국제 안내소,부산,35.17296,128.94688,051-973-2800,09:00-18:00,명절,일/중,부산 강서구 공항진입로 108
부산관광안내소(부산종합버스터미널),부산,35.28501,129.09547,051-502-7399,09:00-18:00,연중무휴,영/중/일,부산 금정구 중앙대로 2238
김해공항-경상남도 관광안내소(국내선),부산,35.1703,128.94881,051-973-4527,09:00-18:00,연중무휴,일,부산 강서구 대저2동 2798-1
거가대교 내 가덕휴게소 안내소,부산,35.02284,128.80787,051-711-3619,09:00~18:00,"명절,5월1일,석탄일,성탄절, 경조휴가",중,부산 강서구 천성동 488-6
서귀포시 종합 관광안내소,제주,33.24452,126.55971,064-732-1330,09:00-18:00,"설날, 추석 당일",영/일/중,제주특별자치도 서귀포시 남성중로 2-13
종합관광안내소(천지연),인천,37.39234,126.63603,064-732-1330,09:00~18:00,,,인천 연수구 인천타워대로 234
산방산안내소,제주,33.23994,126.33523,064-710-6657,09:00~18:00,,,제주특별자치도 서귀포시 안덕면 화순해안로 87
주상절리대 관광안내소,제주,33.23787,126.42567,064-738-1393,09:00-18:00,"설날, 추석 당일",중,제주특별자치도 서귀포시 이어도로 36-30
천제연 관광안내소,제주,33.25483,126.41379,064-739-1393,09:00-18:00,"설날, 추석 당일",일/중,제주특별자치도 서귀포시 중문관광로 38
제주종합관광안내소(부두),제주,33.24452,126.55971,064-758-7181,06:00-21:00,연중무휴,,제주특별자치도 서귀포시 남성중로 2-13
탑동 관광안내소,제주,33.51588,126.53039,064-728-3919,09:00-18:00,"설날, 추석 당일",,제주특별자치도 제주시 산지로 7
제주웰컴센터,제주,33.48621,126.49937,064-740-6000~1,09:00-18:00,연중무휴,한/영/중,제주특별자치도 제주시 선덕로 23
신제주안내소,제주,33.48892,126.49089,064-728-3917,09:00~21:00,연중무휴,,제주특별자치도 제주시 신대로12길 54
제주 시외버스터미널 관광안내소,제주,33.49975,126.51491,064-728-3920,09:00-18:00,"설날, 추석 당일",한/영,제주특별자치도 제주시 서광로 174
용두암관광안내소,제주,33.51483,126.51142,064-728-3917~18,09:00-18:00,"설날, 추석 당일 휴무",한/영/일/중,제주특별자치도 제주시 용두암길 15
제주종합관광안내센터(공항)-국내선,제주,33.50696,126.49341,064-742-8866,07:00-22:30,연중무휴,한/영/일/중/러,제주특별자치도 제주시 공항로 2
제주공항 관광안내소-국제선,제주,33.50708,126.49277,064-742-0032,09:00-18:00,연중무휴,,제주특별자치도 제주시 용담이동 2002
담양군관광안내소,담양,35.32522,126.98785,061-380-3151,09:00-18:00,연중무휴,,전남광주통합특별시 담양군 담양읍 죽녹원로 130
목포종합 관광안내소,목포,34.83828,126.42221,061-270-8598,09:00-18:00,"설날, 추석 당일",한/영,전남광주통합특별시 목포시 영산로 843
목포버스터미널 관광안내소,목포,34.81268,126.41785,061-270-8501,09:00-18:00,"설날, 추석 당일",중,전남광주통합특별시 목포시 영산로 525
목포시 버스터미널 관광안내소,목포,34.81268,126.41785,061-270-8501,09:00-18:00,"설날, 추석 당일",,전남광주통합특별시 목포시 영산로 525
노적봉 관광안내소,목포,34.78879,126.38113,061-270-8598,09:00-22:00,"설날, 추석 당일",한/일,전남광주통합특별시 목포시 유달로 122
목포자연사박물관 관광통역안내소(KATA),목포,34.79374,126.42111,061-273-0536,09:00-18:00,연중무휴,영/일,전남광주통합특별시 목포시 남농로 135
목포시 해상케이블카관광안내소,목포,34.7994,126.37003,061-270-8383,09:00-18:00,연중무휴,,전남광주통합특별시 목포시 해양대학로 240
목포연안여객터미널 신안군 관광홍보관,목포,34.78213,126.3843,061-240-8531,07:30-15:00,주 6일 운영,,전남광주통합특별시 목포시 해안로 182
목포역 관광안내소,목포,34.7911,126.38655,061-270-8599,09:00-18:00,"설날, 추석 당일",한/일,전남광주통합특별시 목포시 영산로 98
무안국제공항 전라남도 관광안내센터,무안,34.99367,126.38765,061-453-2248,09:00-18:00,연중무휴,,전남광주통합특별시 무안군 망운면 공항로 970-260
무안군관광안내소,무안,34.98739,126.47835,061-453-1096,10:00~17:00,,,전남광주통합특별시 무안군 무안읍 무안로 494
무안군 관광안내소,무안,34.98739,126.47835,061-454-5224,10:00-18:00,월요일,,전남광주통합특별시 무안군 무안읍 무안로 494
전라남도 관광정보센터,무안,34.8148,126.46578,061-285-9045,09:00-18:00,연중무휴,한/중,전남광주통합특별시 무안군 삼향읍 후광대로 311
정방폭포 관광안내소,제주,33.2474,126.55866,064-732-1393,09:00-18:00,"설날, 추석 당일",일/중,제주특별자치도 서귀포시 중정로 22
서귀포 시외버스터미널 관광안내소,제주,33.24899,126.50822,064-739-1391,09:00-18:00,연중무휴,일/중,제주특별자치도 서귀포시 일주동로 9217
한국관광공사 중문관광단지안내소(무인),제주,33.25489,126.41376,064-739-1330,09:00-18:00,연중무휴,한/영/일,제주특별자치도 서귀포시 중문관광로 38
진도군관광안내소,진도,34.46635,126.30563,061-542-0088,09:00~18:00,연중무휴,,전남광주통합특별시 진도군 의신면 사천리 110
운림산방관광안내소,진도,34.46635,126.30563,061-540-3560,,,,전남광주통합특별시 진도군 의신면 사천리 110
함평천지(시흥)휴게소,함평,35.13065,126.48231,061-323-3641,08:00~08:00,연중무휴,,전남광주통합특별시 함평군 손불면 서해안고속도로 38
함평역관광안내소,함평,35.01692,126.53754,061-322-7788,,,,전남광주통합특별시 함평군 학교면
함평관광안내소,영광,35.20302,126.53903,061-323-1007,,,,전남광주통합특별시 영광군 불갑면 불갑사로 450
우수영 관광안내소,해남,34.57265,126.31014,061-535-5114,09:00-18:00,연중무휴,,전남광주통합특별시 해남군 문내면 관광레저로 12
대흥사 안내소,해남,34.47211,126.62985,061-534-5200,09:00-18:00,연중무휴,,전남광주통합특별시 해남군 삼산면 구림리 산 8-1
땅끝 해남 관광안내소,해남,34.29837,126.5291,061-532-3883,09:00-18:00,연중무휴,,전남광주통합특별시 해남군 송지면 땅끝마을길 70-7
고인돌유적지관광안내소(도곡),화순,34.987,126.91809,061-379-3933,09:00-18:00,연중무휴,,전남광주통합특별시 화순군 도곡면 고인돌1로 186
운주사 관광안내소,화순,34.92579,126.87977,061-374-0548,10:00-17:00,"신정, 설날, 추석",,전남광주통합특별시 화순군 도암면 천태로 91-44
고인돌유적지관광안내소(춘양),화순,34.987,126.91809,061-379-3907,09:00-17:00,"신정, 구정, 추석",,전남광주통합특별시 화순군 도곡면 고인돌1로 186
곡성(순천) 휴게소 종합안내소,곡성,35.25861,127.15036,061-363-2766,08:00~20:00,연중무휴,,전남광주통합특별시 곡성군 겸면 가정리 산 96-6
곡성군 관광안내소,구례,35.27402,127.41333,061-360-8379,09:00~18:20,연중무휴,,전남광주통합특별시 구례군 용방면 용산로 107-73
광양시관광안내소,광양,34.93646,127.69846,061-797-3333,09:00-18:00,"설날, 추석 연휴",,전남광주통합특별시 광양시 중마중앙로 70
화엄사 관광안내소,구례,35.24267,127.48894,061-783-2030,10:00-17:00,"추석, 설연휴",,전남광주통합특별시 구례군 마산면 화엄사로 372
구례군 관광안내소,구례,35.24267,127.48894,061-780-2450,09:00-18:00,월요일,일/중,전남광주통합특별시 구례군 마산면 화엄사로 372
가사문학관,나주,35.02717,126.70583,061-380-3250,,,,전남광주통합특별시 나주시 경현동 319
장흥군 관광안내소,장흥,34.66938,126.93467,061-863-4300,,,,전남광주통합특별시 장흥군 장흥읍 우산리 산 14-1
보성군 관광안내소,보성,34.82773,127.39212,061-852-2490,,,,전남광주통합특별시 보성군 벌교읍 장호길 368
구례휴게소,구례,35.30605,127.51039,061-782-6192,,,,전남광주통합특별시 구례군 산동면 노고단로 1068
고흥군 관광안내소,고흥,34.61921,127.40988,061-834-7700,,,,전남광주통합특별시 고흥군 영남면 천사로 529-191
체육공원 관광안내소,부산,35.25122,129.05702,061-852-1923,,,,부산 금정구 금성동 545
봉림정류소,장흥,34.79794,126.93263,061-862-3578,,,,전남광주통합특별시 장흥군 장평면 곰치로 835
화순군 관광안내소,화순,35.10425,126.99306,061-375-7700,,,,전남광주통합특별시 화순군 화순읍 중지길 200
남도휴게소,여수,34.59987,127.74491,061-335-8065,,,,전남광주통합특별시 여수시 돌산읍 신복리 901-17
나주시 관광안내소,나주,35.03205,126.71584,061-332-9269,,,,전남광주통합특별시 나주시 금계동 13-2
반남고분군관광안내소,나주,34.91473,126.66135,061-336-1151,10:30-16:30,연중무휴,,전남광주통합특별시 나주시 반남면 고분로 756
신안군 흑산면 관광안내소,신안,34.68276,125.1925,061-240-8520,09:00-17:00,연중무휴,,전남광주통합특별시 신안군 흑산면 홍도1길 10-7
여수 관광통역안내소(KATA),여수,34.74097,127.75536,061-664-8978,09:00-18:00,연중무휴,중,전남광주통합특별시 여수시 오동도로 132
여천역관광안내소,여수,34.76815,127.65945,061-690-7535,09:00~06:00,연중무휴,,전남광주통합특별시 여수시 선원동 202-3
여수공항관광안내소,여수,34.84019,127.61402,061-690-2939,09:00~18:00,연중무휴,,전남광주통합특별시 여수시 율촌면 여순로 386
백제불교최초도래지 안내소,영광,35.36702,126.43578,061-350-5999,09:00~18:00,연중무휴(명절 앞뒤 3일 제외),,전남광주통합특별시 영광군 법성면 진내리
왕인박사유적지 안내소,영암,34.75653,126.62912,061-470-6643,09:00-17:00,토·일요일 / 축제기간,,전남광주통합특별시 영암군 군서면 왕인로 440
영암군 관광안내소,영암,34.7788,126.45248,061-470-2427,09:00-18:00,"추석, 설명절",,전남광주통합특별시 영암군 삼호읍 녹색로 592
문화원관광안내소,영암,34.79696,126.69114,061-473-2632,09:00-18:00,국경일 및  토·일요일,,전남광주통합특별시 영암군 영암읍 교동리 371-10
달도 관광안내소,완도,34.40013,126.62975,061-550-5151,09:00-18:00,연중무휴,,전남광주통합특별시 완도군 군외면 원동리 산 71-3
완도군관광안내소,완도,34.39807,126.63397,061-550-5152,,,,전남광주통합특별시 완도군 군외면 청해진로 85
보길도관광안내소,완도,34.16315,126.55728,061-554-2726,,,,전남광주통합특별시 완도군 보길면 부황길 49-1
완도군 신지 관광안내소,완도,34.33472,126.75924,061-550-5153,09:00-18:00,연중무휴,한/,전남광주통합특별시 완도군 신지면 강독길 21-15
백양사(순천)휴게소,장성,35.39439,126.80537,061-394-9990,08:00~20:00,연중무휴,,전남광주통합특별시 장성군 북이면 호남고속도로 107
백양사(논산)휴게소,장성,35.39303,126.80737,061-393-5166,08:00~20:00,연중무휴,,전남광주통합특별시 장성군 북일면 호남고속도로 108
장성호 관광지 안내소,장성,35.42935,126.87959,061-394-7248,-,-,,전남광주통합특별시 장성군 북하면 약수리 595
녹동항관광안내소(비상설),고흥,34.52767,127.1301,061-830-5305,10:00~17:00,월~금(토.일요일만 근무),,전남광주통합특별시 고흥군 도양읍 봉암리 2766-14
고흥 만남의 광장 관광안내소,고흥,34.82364,127.34524,061-830-5637,09:00-19:00,연중무휴,,전남광주통합특별시 고흥군 동강면 고흥로 4797
모악산관리안내소,완주,35.72894,127.10975,063-240-4560,09:00~:,주5일,,전북특별자치도 완주군 구이면 원기리 1069-13
미륵사지 관광안내소,익산,36.00954,127.02719,063-859-3873,09:00-18:00,월요일,,전북특별자치도 익산시 금마면 용순리 739-34
여산(순천)휴게소 안내소,익산,36.03551,127.11084,063-836-5168,09:00~20:00,연중무휴,,전북특별자치도 익산시 여산면 원수리 32-6
왕궁리유적전시관 관광안내소,익산,35.97179,127.05614,063-859-4799,09:00-18:00,월요일,,전북특별자치도 익산시 왕궁면 왕궁리 562
보석박물관 안내소,익산,35.9908,127.10161,063-859-4645,09:00-18:00,월요일,중,전북특별자치도 익산시 왕궁면 호반로 8
에버랜드 관광안내소,용인,37.29577,127.20348,031-321-9393,09:00-17:00,"명절, 공휴일, 월요일, 기타",중,경기 용인시 처인구 포곡읍 에버랜드로 199
익산역 관광안내소,익산,35.94063,126.94761,063-859-3825,09:00-18:00,신정,,전북특별자치도 익산시 익산대로 162
순천터미널관광안내소,순천,34.94577,127.50229,061-749-3839,09:00-18:00,연중무휴,,전남광주통합특별시 순천시 팔마로 125
순천역전관광안내소,순천,34.9466,127.50106,061-749-3107,09:00-18:00,연중무휴,,전남광주통합특별시 순천시 조곡동 139-1
일조쉼터,순천,35.06338,127.26725,061-755-7776,,,,전남광주통합특별시 순천시 주암면 요곡리 186-13
김제시 모악산관광안내소,김제,35.71884,127.04017,063-548-1330,09:00-18:00,연중무휴,영/일/중,전북특별자치도 김제시 금산면 모악로 455
김제시 벽골제 관광안내소,김제,35.75185,126.85148,063-540-4098,09:00-18:00,"1월1일,/설날 전날, 설날 당일/ 추석  전날, 추석 당일",영/일/중,전북특별자치도 김제시 부량면 벽골제로 442
광한루원(경외) 관광안내소,남원,35.4021,127.37815,063-631-1330,09:00-18:00,연중무휴,,전북특별자치도 남원시 천거동 110-1
남원역 안내소,남원,35.41064,127.36162,063-635-1330,09:00-18:00,연중무휴,,전북특별자치도 남원시 교룡로 71
지리산(고서)휴게소,구례,35.30605,127.51039,063-636-5880,08:00~20:00,연중무휴,,전남광주통합특별시 구례군 산동면 노고단로 1068
지리산(상),산청,35.30406,127.7493,063-6362-720,,,,경남 산청군 시천면 지리산대로 345
남원시 종합안내센터,남원,35.40289,127.38721,063-632-1330,09:00-18:00,연중무휴,,전북특별자치도 남원시 양림길 17
춘향테마파크 안내소,남원,35.40289,127.38721,063-620-6180,09:00-18:00,연중무휴,,전북특별자치도 남원시 양림길 17
향토박물관 관광안내소,남원,35.40171,127.38708,063-620-6792,09:00-18:00,-,,전북특별자치도 남원시 어현동 37-158
국악의성지안내소,남원,35.46052,127.56766,063-620-6905,09:00~18:00,,,전북특별자치도 남원시 운봉읍 비전길 69
광한루 관광통역안내소(KATA),남원,35.40413,127.3805,063-632-1771,09:00-18:00,연중휴무,,전북특별자치도 남원시 요천로 1447
전주 한옥마을 관광안내소,전주,35.81825,127.15365,063-282-1330,09:00-18:00,연중무휴,영/중/일,전북특별자치도 전주시 완산구 기린대로 99
무주군관광안내소(터미널앞),무주,36.00418,127.66353,063-324-2114,09:00-18:00,"설날, 추석 당일","한국어,일어,영어,중국어",전북특별자치도 무주군 무주읍 한풍루로 344
무주관광안내소,무주,36.00418,127.66353,063-324-2114,09:00~18:00,연중무휴,,전북특별자치도 무주군 무주읍 한풍루로 344
무주반디랜드관광안내소,무주,36.01313,127.75877,063-320-5656,09:00-18:00,매주 월요일 휴관,,전북특별자치도 무주군 설천면 무설로 1324
무주군 관광안내소(구천동),무주,35.8897,127.77814,063-322-2905,09:00-18:00,"설 ,추석 당일","한국어,일어,영어,중국어",전북특별자치도 무주군 설천면 백련사길 96
새만금관광안내소,부안,35.69675,126.55922,063-581-6292,09:00-18:00,월요일,,전북특별자치도 부안군 변산면 새만금로 6
부안 관광안내소,부안,35.64027,126.58053,063-580-4434,09:00-18:00,"설날, 추석 당일",,전북특별자치도 부안군 변산면 실상길 70
부안 줄포 관광안내소,부안,35.61218,126.58945,063-580-4734,09:00-18:00,"설날, 추석 당일",,전북특별자치도 부안군 진서면 내소사로 191
순창종합 관광안내소,순창,35.40855,127.07001,063-650-1166,09:00~18:00,,,전북특별자치도 순창군 팔덕면 청계리 961-1
경기전여행자라운지,전주,35.81413,127.14899,063-287-1330,09:00-18:00,연중무휴,영/중/일,전북특별자치도 전주시 완산구 전동성당길 110
오목대 관광안내소 - 폐관,전주,35.81514,127.1539,063-282-1335,09:00-18:00,연중무휴,한/영/일,전북특별자치도 전주시 완산구 태조로 6
내장산 관광안내소,정읍,35.48794,126.90745,063-537-1330,09:00-18:00,연중무휴,한영중,전북특별자치도 정읍시 내장산로 1207
정읍(논산)휴게소 안내소,정읍,35.60169,126.86246,063-532-2373,08:00~20:00,연중무휴,,전북특별자치도 정읍시 북면 정신로 135-61
정읍(순천)휴게소 안내소,정읍,35.60169,126.86246,063-532-0510,08:00~20:00,연중무휴,,전북특별자치도 정읍시 북면 정신로 135-61
정읍 종합 관광안내소,정읍,35.57539,126.84228,063-536-6776,09:00-18:00,연중무휴,한/중/일,전북특별자치도 정읍시 서부산업도로 305
마이산관광안내소(남부),진안,35.75701,127.39383,063-430-2651,09:00-18:00,연중무휴,,전북특별자치도 진안군 마령면 마이산남로 182
마이산관광안내소(북부),진안,35.7755,127.41788,063-430-2652,09:00-18:00,연중무휴,,전북특별자치도 진안군 진안읍 마이산로 130
군산(시흥)휴게소 안내소,군산,36.01865,126.7965,063-453-2868,08:00~20:00,연중무휴,,전북특별자치도 군산시 나포면 서포리 406-6
금강철새조망대,대전,36.31248,127.4051,063-453-6273,09:00~18:00,연중무휴,,대전 중구 문화동 411-1
삼천포대교공원 관광안내소,사천,34.93249,128.05199,055-835-1023,09:00-18:00,"화요일/ 추석, 설날",,경남 사천시 사천대로 17
사천공항 관광안내소,사천,35.0924,128.08675,055-852-8490,08:00~05:00,명절,,경남 사천시 사천읍 사천대로 1971
산청(통영)휴게소 안내소,산청,35.33349,127.93896,055-973-9036,08:00~20:00,연중무휴,,경남 산청군 단성면 통영대전고속도로 76
산청(하남)휴게소 안내소,산청,35.33349,127.93896,055-973-5970,07:30~19:30,연중무휴,,경남 산청군 단성면 통영대전고속도로 76
미술관 관광안내소,고창,35.43235,126.70251,063-560-8057,09:00-18:00,월요일,,전북특별자치도 고창군 고창읍 동리로 100
고창 고인돌유적 관광안내소,고창,35.44171,126.65249,063-560-8676,09:00-18:00,월요일,,전북특별자치도 고창군 고창읍 고인돌공원길 74
석정온천관광안내소,장성,35.44457,126.74985,063-560-5046,10:00~17:00,"설, 추석명절",,전남광주통합특별시 장성군 북이면 죽청리 산 70-1
판소리박물관,고창,35.43247,126.7027,063-560-2761,09:00~18:00,,,전북특별자치도 고창군 고창읍 동리로 100
고인돌안내소,화순,34.987,126.91809,063-560-2715,09:00-18:00,연중무휴,,전남광주통합특별시 화순군 도곡면 고인돌1로 186
고창(시흥)휴게소안내소,고창,35.46077,126.67266,063-561-6323,08:00~20:00,연중무휴,,전북특별자치도 고창군 고창읍 신월리 263-18
고창읍성 관광안내소,고창,35.4328,126.7028,063-560-8055,09:00-18:00,"설날, 추석 당일",,전북특별자치도 고창군 고창읍 읍내리 241-1
미당시 문학관 관광안내소,고창,35.53559,126.60993,063-560-8058,09:00-18:00,월요일,,전북특별자치도 고창군 부안면 질마재로 2-8
고창(목포)휴게소 안내소,고창,35.46817,126.67391,063-561-6313,08:00~20:00,연중무휴,,전북특별자치도 고창군 신림면 벽송리 557-10
선운산 관광안내소,고창,35.47534,126.63288,063-560-8687,09:00-18:00,연중무휴,,전북특별자치도 고창군 아산면 운곡서원길 15
장수 논개생가 관광안내소,장수,35.67922,127.62123,063-352-2550,09:00-18:00,"월요일/ 설날, 추석 당일",,전북특별자치도 장수군 장계면 의암로 558
장수 논개사당 관광안내소,장수,35.64378,127.52284,063-350-2561,09:00-18:00,연중무휴,,전북특별자치도 장수군 장수읍 논개사당길 41
전주 고속터미널 관광안내소 운영종료,전주,35.83449,127.12928,063-255-6949,09:00-18:00,연중무휴,스/일,전북특별자치도 전주시 덕진구 가리내로 70
덕진공원 관광통역안내소(KATA) - 폐관,전주,35.8475,127.12088,063-232-6293,09:00-18:00,연중무휴,영/일,전북특별자치도 전주시 덕진구 덕진동2가 194-6
터미널 안내소,인천,37.44176,126.70151,063-281-2739,09:00~18:00,연중무휴,,인천 미추홀구 연남로 35
전라북도종합관광안내소,전주,35.81539,127.1544,063-288-0105,09:00~18:00,연중무휴,,전북특별자치도 전주시 완산구 기린대로 69
전주역 관광안내소 운영일시중단,전주,35.84969,127.16347,063-244-2664,09:00-18:00 / 휴게(점심)시간 13:00~14:00,연중무휴,영어,전북특별자치도 전주시 덕진구 동부대로 680
봉하마을 관광안내센터,김해,35.31457,128.77207,055-346-0660,10:00~17:00,명절,영/일/중,경남 김해시 진영읍 봉하로 137
진영(순천),김해,35.31444,128.77121,055-342-3959,08:00~20:00,월8일(휴무대체 직원 운영),,경남 김해시 진영읍 봉하로 129
남해관음포이충무공유적지 관광안내소,남해,34.91247,127.85774,055-863-4025,10:00~17:00,명절,,경남 남해군 고현면 남해대로 3829
밀양 종합관광안내소,밀양,35.47378,128.77115,055-356-1355,09:00-18:00,명절,,경남 밀양시 가곡동 469-18
사천(부산)휴게소 안내소,강릉,37.7573,128.80662,055-854-6694,08:00~20:00,연중무휴,,강원특별자치도 강릉시 성산면 영동고속도로 232
사천(순천)휴게소 안내소,강릉,37.7573,128.80662,055-854-9480,08:00~20:00,연중무휴,,강원특별자치도 강릉시 성산면 영동고속도로 232
만남의 광장 축동관광안내소,사천,35.10871,128.08573,055-832-9610,09:00-17:00,연중무휴,,경남 사천시 축동면 서삼로 1742
통영 관광안내소,통영,34.83621,128.41144,055-650-0580,09:00-18:00,"신정, 구정, 추석",,경남 통영시 당동 406
도남 관광안내소,제주,33.48745,126.50891,055-650-4580,09:00~18:00,"특정일(신정,설날,추석)당일만 휴관",,제주특별자치도 제주시 연사길 99
테스트,서울,37.61765,127.05932,123456789,,,,서울 노원구 월계동 448
통영관광정보센터,통영,34.8281,128.43419,055-650-2570,09:00-18:00,"신정, 구정, 추석 (일요일/월요일 휴관)",,경남 통영시 도남로 269-26
용남 관광안내소,통영,34.85907,128.43061,055-650-4685,09:00-18:00,"특정일(설날, 추석)당일만 휴관",,경남 통영시 안개로 37
하동군종합관광안내소,하동,35.15302,127.68926,055-880-2950,10:00~17:00,연중무휴,,경남 하동군 악양면 평사리길 35
함안휴게소(부산방향),함안,35.29473,128.34466,055-582-5470,07:30~20:00,연중무휴,,경남 함안군 군북면 현포로 205-1
함안휴게소(순천방향),함안,35.29473,128.34466,055-582-5470,07:30~20:00,연중무휴,,경남 함안군 군북면 현포로 205-1
기백산관광안내소,거창,35.72268,127.78233,055-964-0711,09:00~18:00,안내기간무휴,,경남 거창군 위천면 금원산길 648-210
경남 제2 종합 관광안내소,함양,35.55161,127.75843,055-964-2710,09:00-18:00,"설날, 추석, 성탄절",한/일,경남 함양군 지곡면 효산길 23-31
함양(하남)휴게소,함양,35.55115,127.75858,055-963-6715,08:00~20:00,연중무휴,,경남 함양군 지곡면 효산길 23-31
함양(통영)휴게소,함양,35.55115,127.75858,055-963-6715,08:00~20:00,연중무휴,,경남 함양군 지곡면 효산길 23-31
상림관광안내소,함양,35.52373,127.72186,055-960-5756,09:00~18:00,연중무휴,,경남 함양군 함양읍 필봉산길 49
고성공룡나라(통영방향)휴게소,고성,35.05174,128.26268,055-674-7028,08:00~20:00,연중무휴,,경남 고성군 대가면 통영대전고속도로 29
고성공룡나라(하남방향)휴게소,고성,35.05174,128.26268,055-674-0494,08:00~20:00,연중무휴,,경남 고성군 대가면 통영대전고속도로 29
당항포관광지,고성,35.05946,128.39948,055-673-3433,09:00-18:00,-,,경남 고성군 회화면 당항만로 1116
충주문화체육관광진흥재단,충주,36.9706,127.93725,043-850-7982,,,,충북 충주시 중앙로 128
경남 제1 종합 관광안내소,고성,35.08974,128.37768,055-673-9503,09:00-17:30,"명절, 석가탄신일, 성탄절, 근로자의날 등",한/중,경남 고성군 회화면 남해안대로 4071
김해종합관광안내소,김해,35.23922,128.87393,055-330-4447,09:00-18:00,"연중무휴(1월1일, 설날, 추석당일 제외)",영/중,경남 김해시 구지로 95
김해 관광통역안내소(KATA),김해,35.23381,128.87832,055-323-8692,09:00-18:00,연중무휴,영,경남 김해시 왕릉길 29
부곡온천 관광안내소,창녕,35.43899,128.59011,055-536-6275,09:00-18:00,금요일,,경남 창녕군 부곡면 온천중앙로 51
영산(마산)휴게소 안내소,창녕,35.44803,128.52394,055-521-2979,08:00~20:00,연중무휴,,경남 창녕군 영산면 죽사리 1471-1
창원중앙역안내소,창원,35.24225,128.70133,055-289-8815,09:00-18:00,특정일 휴관,,경남 창원시 의창구 상남로 381
경남 관광정보센터,통영,34.8281,128.43419,055-211-7760,09:00-18:00,"명절, 공휴일",중,경남 통영시 도남로 269-26
거제관광안내소,거제,34.88796,128.49462,055-639-4178,10:00~17:00,명절,영/일,경남 거제시 사등면 거제대로 6175
거제포로수용소 관광안내소,거제,34.87604,128.62525,055-639-4177,10:00~17:00,명절,영/일,경남 거제시 계룡로 61
거가대교 부산관광안내소,부산,35.0235,128.80701,051-711-3619,09:00-18:00,연중무휴,,부산 강서구 거가대로 2571
통도사휴게소(부산방향),양산,35.48868,129.09094,055-383-6145,07:30~19:30,,,경남 양산시 하북면 경부고속도로 31-1
양산시 종합 관광안내소,양산,35.48808,129.06917,055-382-4112,8:30~17:30,"설날, 추석 당일",영어 / 중국어 / 일본어,경남 양산시 하북면 통도사로 108
종합안내소,화순,34.987,126.91809,055-761-0098,08:00~20:00,연중무휴,,전남광주통합특별시 화순군 도곡면 고인돌1로 186
진주성(KATA),진주,35.18955,128.07998,055-741-4095,09:00~18:00,연중무휴,,경남 진주시 남강로 626
울산광역시관광협회,울산,35.53898,129.35237,052-275-2412,,,,울산 남구 산업로 646
대구광역시관광협회,대구,35.85084,128.55784,053-746-6407,,,한/영/일,대구 달서구 공원순환로 46
경상남도관광협회,창원,35.30774,128.6779,0552121345,,,,경남 창원시 의창구 동읍 주남로101번길 32
벽골제관광안내소,김제,35.75185,126.85148,063-540-4986,09:00~18:00,"매주 월요일, 1월1일",,전북특별자치도 김제시 부량면 벽골제로 442
서울특별시관광협회,서울,37.56856,126.98162,027577482,,,,서울 중구 다동 10
대전광역시관광협회,대전,36.35449,127.34139,042-226-8413,,,한/중,대전 유성구 대학로 7
제주도관광협회,제주,33.50696,126.49341,0647428866,,,,제주특별자치도 제주시 공항로 2
제주관광협회,제주,33.50696,126.49341,0647426051/5,,,,제주특별자치도 제주시 공항로 2
부산광역시관광협회,부산,35.1703,128.94881,051-463-3111,,,,부산 강서구 대저2동 2798-1
인천 제2국제여객터미널 관광안내소(인천항만공사),인천,37.46355,126.62481,032-880-3220,09:00-18:00,"신정, 구정, 추석 연휴, 일요일 (입항 스케줄에 따라 유동적 근무)",,인천 제물포구 내항로 200
동해항 국제여객터미널 관광안내소,동해,37.49428,129.1436,033-531-5611,유동적,여객 상황에 따라 다름,,강원특별자치도 동해시 대동로 210
인천국제공항 관광안내소 서편(서울특별시),인천,37.44885,126.44885,032-743-3272,07:00-22:00,연중무휴,,인천 영종구 공항로 272
의료관광안내센터(서울),부산,35.17061,128.94891,02-752-2102,09:00-20:00,연중무휴,영/일/중/러,부산 강서구 대저2동 2797
의료관광안내센터(인천),부산,35.17061,128.94891,032-743-2172,09:00-21:00,연중무휴,영/일/중/러,부산 강서구 대저2동 2797
의료관광안내센터(부산),부산,35.17061,128.94891,051-818-1330,09:00-18:00,연중무휴,영/일/중,부산 강서구 대저2동 2797
수정 관리자,서울,37.56853,126.98163,027299491,,,,서울 중구 청계천로 40
거가대교 관광안내소,부산,35.0235,128.80701,051-711-3619,9:00-18:00,정보없음,,부산 강서구 거가대로 2571
담양 죽녹원 종합관광안내소,담양,35.32521,126.98789,061-380-2820,09:00-18:00,-,,전남광주통합특별시 담양군 담양읍 죽녹원로 130
송파관광정보센터,서울,37.51191,127.10438,02-421-0970~1,10:00-18:00,"추석, 설날 당일",영/중/일,서울 송파구 송파나루길 206
테스트기관,서울,37.49712,127.03151,02-1234-5678,,,,서울 강남구 강남대로84길 36
경인 아라뱃길 정서진 관광안내소,인천,37.55805,126.60721,032-561-1339,09:00-18:00,구정 당일/추석 당일,영/일/중,인천 서해구 정서진1로 41
KTX 천안아산역관광안내소(천안시 운영),아산,36.79451,127.10445,041-531-5322,09:00-18:00,연중무휴,한/일,충남 아산시 배방읍 희망로 100
아산시 홍보관,아산,36.79468,127.10459,041-538-8018,09:00-18:00,"토요일, 일요일",,충남 아산시 배방읍 장재리 305
인천국제공항 관광안내소 서편(인천광역시),인천,37.44885,126.44885,032-743-2602,07:00-22:00,연중무휴,,인천 영종구 공항로 272
공항철도(주),인천,37.56837,126.67029,0327457253,,,,인천 서해구 검바위로 46
서초 관광정보센터 (서초IQ),서울,37.51191,127.10438,02-762-8800,11:00~20:00,명절 당일,,서울 송파구 송파나루길 206
광장시장 움직이는 관광안내소,서울,37.57009,127.00131,02-757-7482,10:00-19:00,스케줄에 따라 유동적,영/일/중,서울 종로구 종로5가 395-8
엑스코 관광안내소(대구경북),대구,35.90707,128.61307,053-601-5237,09:00-18:00,연중무휴,영/중,대구 북구 엑스코로 10
고양문화재단,고양,37.66501,126.75628,0319118076,,,한/,경기 고양시 일산서구 한류월드로 280
목포역관광안내소(전남),목포,34.7911,126.38655,061-270-0000,09:00-18:00,연중무휴,,전남광주통합특별시 목포시 영산로 98
부산관광안내소,부산,35.28501,129.09547,051-441-6565,9:00~20:00,없음,,부산 금정구 중앙대로 2238
소래포구 관광안내소,인천,37.39816,126.7376,032-431-2213,09:00-18:00,"설날, 추석 당일",영/일/중,인천 남동구 아암대로 1605
울산큰애기 안내소,울산,35.5566,129.32171,052-296-9191,10:00~19:00,없음,영어/중국어,울산 중구 문화의거리 28
인천국제공항 제2여객터미널 관광안내소(인천광역시),인천,37.46818,126.43402,032-743-0030,07:00~22:00,연중무휴,영/일/중,인천 영종구 운서동 2868
인천국제공항 관광안내소 제2여객터미널(한국관광공사),인천,37.46818,126.43402,032-743-2606,07:00~22:00,연중무휴,영/일/중,인천 영종구 운서동 2868
국가정원 관광안내소,울산,35.54872,129.29116,052-244-7717,09:00~18:00,연중무휴,영/중/일,울산 중구 샛강남길 5
디지털우주,서울,37.57115,126.99914,027622700,,,,서울 종로구 종로 193
공주종합버스터미널 관광안내소,공주,36.46851,127.13473,041-852-5567,10:00~17:00(점심12~13),"연중무휴(설날, 추석, 당일 제외)",한국어/영어,충남 공주시 신관로 74
이효석문학선양회,평창,37.61411,128.3716,033-335-2323,,,,강원특별자치도 평창군 봉평면 이효석길 157
홍성군관광안내소,홍성,36.60025,126.67716,041-633-1141,09:00-17:00,매주 월요일,,충남 홍성군 홍성읍 고암리 420-11
명동 관광통역안내소(KATA),서울,37.56392,126.98487,02-774-3238,09:00-18:00,연중무휴,영/일/중,서울 중구 명동길 43-1
남원 광한루원 관광통역안내소(KATA),남원,35.40413,127.3805,063-632-1771,09:00-18:00,연중무휴,중,전북특별자치도 남원시 요천로 1447
잠실관광안내소,서울,37.51191,127.10438,02-3431-9472,10:00~19:00,"설날당일, 추석당일",,서울 송파구 송파나루길 206
광명시관광안내소,서울,37.51564,126.90658,02-898-2062,09:00-18:00,연중무휴,영어/중국어,서울 영등포구 경인로 846
프리미엄패스인터내셔널,서울,37.55802,126.82922,07048181913,,,영/,서울 강서구 마곡중앙4로 22
끼룩끼룩광안리YOU 관광안내소(수영관광안내소),부산,35.15377,129.11852,051-610-4848,09:00-18:00,연중무휴,,부산 수영구 광안해변로 219
광주종합버스터미널 관광안내소,광주,35.16037,126.87938,062-365-8733,09:00-18:00,연중무휴,영/일/러,전남광주통합특별시 서구 무진대로 904
한국국제봉사기구(KVO),울산,35.56441,129.26723,02-747-3038,,,,울산 중구 다운5길 34-3
서대문구청,서울,37.57916,126.93682,02-330-1114,,,,서울 서대문구 연희로 248
제주관광공사,제주,33.48623,126.49935,0647406001,,,한/영,제주특별자치도 제주시 선덕로 23
서울관광재단,서울,37.56505,126.98818,0237880800,,,,서울 중구 삼일대로 340
중원문화관광재단,충주,36.9706,127.93725,043-850-7982,,,,충북 충주시 중앙로 128
강원도관광협회,춘천,37.86697,127.72136,033-242-0089,,,,강원특별자치도 춘천시 춘천로 19
한국관광공사 제주지사,제주,33.25003,126.40607,064-735-7322,,,,제주특별자치도 서귀포시 중문관광로72번길 60
강원도국제관광정보센타,속초,38.1908,128.58257,033-637-4504,,,,강원특별자치도 속초시 엑스포로 75
담양군청,담양,35.32121,126.98821,061-380-3151,,,,전남광주통합특별시 담양군 담양읍 추성로 1371
양산신청,양산,35.33392,129.03189,055-392-3233,,,,경남 양산시 양주로 98
문경새재 관리사무소,문경,36.7616,128.07702,054-550-6421,,,,경북 문경시 문경읍 새재로 932
인사전통문화보존회(사),서울,37.5737,126.98361,02-737-7891,,,,서울 종로구 인사동11길 19
한국관광공사,서울,37.56853,126.98163,0337383731,,,한/영/,서울 중구 청계천로 40
한국코퍼레이션(1330) _KTO파트너스,서울,37.51243,127.12445,0234326406,,,한/기/,서울 송파구 위례성대로16길 4-11
광주광역시관광협회,광주,35.13983,126.811,0622244486∼7,,,,전남광주통합특별시 광산구 상무대로 420-25
GS아웃소싱,인천,37.51764,126.72011,0325195550,,,,인천 부평구 부평대로 283
충주전통문화회,충주,36.94655,127.90419,043-850-7468,,,,충북 충주시 충열1길 6
전라남도관광협회,무안,34.99367,126.38765,061-285-0832,,,,전남광주통합특별시 무안군 망운면 공항로 970-260
한국관광공사 의료관광안내센터(KTO파트너스),서울,37.56789,126.98117,027522102,,,,서울 중구 다동
무장읍성관광안내소,고창,35.41748,126.55766,063-560-8047,09:00-18:00,확인 필요,,전북특별자치도 고창군 무장면 무장읍성길 43
기흥역 관광안내소,용인,37.26023,127.12086,031-274-0538,09:00~17:00,"명절, 공휴일, 월요일, 기타",일본어,경기 용인시 기흥구 민속촌로 90
울산역 관광안내소,울산,35.55142,129.13873,052-254-7718,09:00~18:00,연중무휴,영어/일본어,울산 울주군 삼남읍 울산역로 177
강남문화재단,서울,37.51591,127.05214,02-6712-0519,,,한/영/,서울 강남구 삼성로 628
공산성 안내소,공주,36.46851,127.13473,041-856-7700,09:00~18:00 (야경관람가능),"설날, 추석 당일",일/중,충남 공주시 신관로 74
무주군 관광안내소(만남의광장),무주,36.00418,127.66353,063-320-2571,09:00-18:00,"설, 추석당일","한국어,일어,영어,중국어",전북특별자치도 무주군 무주읍 한풍루로 344
명동관광정보센터,서울,37.56515,126.98501,02-778-0333,09:00-18:00,"설날당일, 추석당일",한/영/일/중/,서울 중구 을지로 66
김포공항관광정보센터,서울,37.5638,126.82534,02-2660-2486~7,10:00-19:00,연중무휴,중/일,서울 강서구 마곡중앙로 111
관광불편신고센터,원주,37.3243,127.98994,0337383617,,,한/영,강원특별자치도 원주시 세계로 10
관광경찰,서울,37.56853,126.98163,027006175,,,,서울 중구 청계천로 40
COEX,서울,37.51182,127.05916,0260007889,,,,서울 강남구 영동대로 513
대왕암관광안내소,울산,35.49042,129.43525,052-233-7716,09:00~18:00,연중무휴,중국어/일본어,울산 동구 등대로 95
김해공항-경남관광안내소(국제선),부산,35.1703,128.94881,051-973-4537,09:00-18:00,연중무휴,,부산 강서구 대저2동 2798-1
울산공항관광안내소,울산,35.59285,129.35587,052-229-6351,09:00-18:00,연중무휴,,울산 북구 산업로 1103
서울로 7017 여행자카페,서울,37.55723,126.97569,02)312-8340,10:00-19:00,없음,한/영/일/중,서울 중구 남대문로5가 281
대관령 관광안내센터,평창,37.68537,128.75948,033-330-2799,09:00-18:00,연중무휴,영어,강원특별자치도 평창군 대관령면 경강로 5760
관광경찰연락방,원주,37.3243,127.98994,033-738-3617,09:00-18:00,공휴일,,강원특별자치도 원주시 세계로 10
관광불편신고협업센터,서울,37.56853,126.98163,02-729-9485,09:00-18:00,공휴일(1330),한/,서울 중구 청계천로 40
원주시 관광안내소,원주,37.36457,127.83408,033-733-1330,09:00-18:00,"근로자의 날, 추석, 구정 당일",영어/일본어,강원특별자치도 원주시 지정면 소금산길 12
인천국제공항 제2여객터미널 관광정보센터(서울특별시),인천,37.44806,126.45037,032-743-3269,07:00-22:00,연중무휴,영/일/중,인천 영종구 운서동 2851
남대문종합관광정보센터,서울,37.56054,126.97838,070-4818-1918,10:00-19:00,"매주일요일,설날 추석당일",영/일,서울 중구 남대문시장길 45-3
인천항만공사,인천,37.45962,126.63266,032-880-3432,,,,인천 제물포구 서해대로 366
테스트안내소,파주,37.72944,126.83795,02-729-9491,09:00-18:00,일요일,,경기 파주시 조리읍 통일로 11
이태원역관광안내소(지상),서울,37.5345,126.99443,02-000-0000,09:00~20:00,"추석, 설날 당일",,서울 용산구 이태원동 119-23
이월드관광안내소,대구,35.85086,128.55768,053-621-6046,10:00~19:00 (점심 시간 13:00-14:00),연중무휴,영/중,대구 달서구 공원순환로 46
부산관광안내소(부산역),부산,35.28501,129.09547,051-441-6565,09:00~18:00,없음,영/일/중,부산 금정구 중앙대로 2238
동래관광안내소,부산,35.18407,129.04333,051-550-4091,09:00~18:00,토·일·공휴일 휴무,영,부산 부산진구 새싹로 295-1
수원 컨벤션센터 관광안내소,수원,37.28583,127.05945,031-228-2941~2,09:00-18:00,"1월1일, 추석 및 설날 당일",영어,경기 수원시 영통구 광교중앙로 140
안산역관광안내소,안산,37.32798,126.78729,032-882-1573,10:00-17;00,명절,중/일,경기 안산시 단원구 중앙대로 462
대부도 관광안내소,안산,37.28987,126.57793,031-1899-1720,10:00-17:00,명절,영/중,경기 안산시 단원구 대부황금로 1531
양주시종합관광안내소,양주,37.7846,127.03052,031-845-3134,10:00-17:00,명절,,경기 양주시 부흥로1399번길 11
회암사지안내소,양주,37.84391,127.10588,031-8082-5664,10:00-17:00,"명절, 월요일",영/일,경기 양주시 회암동 21
조소앙기념관안내소,양주,37.92168,126.99468,031-8082-5664,10:00-16:30,"명절, 월요일",영/일,경기 양주시 남면 양연로173번길 87
장흥관광지안내소,장흥,34.66938,126.93467,031-8082-5664,10:10-16:30,명절/월요일,영/일,전남광주통합특별시 장흥군 장흥읍 우산리 산 14-1
양주역관광안내소,양주,37.7846,127.03052,031-840-3357,10:00-17:00,"명절, 월요일",,경기 양주시 부흥로1399번길 11
통일동산관광안내소(신세계프리미엄아울렛),파주,37.78547,126.69978,031-940-8514,11:00~17:00,명절,,경기 파주시 탄현면 얼음실로 40
K-55 부대앞 관광안내소,평택,37.08037,127.04981,031-8024-3291,10:00~16:00,"명절, 기타",영,경기 평택시 신장동 302-94
허브아일랜드 관광안내소,포천,37.96593,127.13171,031-535-6494,09:00~20:00,연중무휴,,경기 포천시 신북면 청신로947번길 35
가덕휴게소관광안내소(거제시소재),부산,35.0235,128.80701,051-711-3619,10:00~17:00,명절,영/일,부산 강서구 거가대로 2571
김해시 종합관광안내소,김해,35.23922,128.87393,055-338-1330,09:00~18:00,"명절, 기타",영/일/중,경남 김해시 구지로 95
합천대장경테마파크관광안내소,합천,35.7675,128.13654,055-931-5494,10:00~16:00,월요일,,경남 합천군 가야면 가야산로 1160
합천해인사관광안내소,합천,35.80217,128.09688,055-931-8413,10:00~16:00,연중무휴,,경남 합천군 가야면 치인리 1198
통일동산 관광안내소,파주,37.78547,126.69978,031-940-8514,11:00~17:00,명절연휴,,경기 파주시 탄현면 얼음실로 40
종합버스터미널안내소,통영,34.885,128.41705,055-650-0583,09:00~18:00,연중무휴,,경남 통영시 광도면 죽림4로 24
서피랑문화관광해설사의집,통영,34.84621,128.41999,055-650-0585,10:00~17:00,명절 연휴,,경남 통영시 명정동 305-9
드라마세트장 관광안내소,오산,37.18011,127.06285,031-375-7609,09:00~18:00,"매주 월요일, 명절",영어,경기 오산시 북삼미로 42
사량 문화관광안내소,통영,34.84456,128.22076,055-650-0516,09:00~16:00,"명절 연휴, 기타",,경남 통영시 사량면 금평리 114-7
한산관광안내소,통영,34.84041,128.42463,055-650-0517,09:00~16:00,"명절 연휴, 기타",,경남 통영시 통영해안로 267
순천만국가정원 서문 종합안내소,순천,34.92891,127.49624,061-749-2899,09:00-17:00,연중 무휴,,전남광주통합특별시 순천시 국가정원1호길 7
순천만국가정원 동문 종합안내소,순천,34.93024,127.51067,061-749-2898,09:00-17:00,연중무휴,,전남광주통합특별시 순천시 국가정원1호길 162-11
서울관광플라자 관광정보센터,서울,37.56863,126.98715,02-6365-3100,09:00-18:00,"설, 추석 당일 휴무",한/영/중/일,서울 종로구 청계천로 85
현암농경박물관 관광안내소,가평,37.87935,127.54812,031-580-4631,10:00~16:00,연중무휴,영어/중국어,경기 가평군 북면 석장모루길 13
호명호수 관광안내소,가평,37.74883,127.47552,031-580-2062,운영 안함,동절기,영어/중국어,경기 가평군 청평면 호명리 5
경기광주역 관광안내소,경기광주,37.39892,127.25258,031-7650-2467,10:00~17:00,월요일,영어/중국어/일본어,경기 광주시 역동 176-13
두물머리 관광안내소,양평,37.53386,127.31631,031-775-8700,09:00-18:00,기타,영,경기 양평군 양서면 두물머리길 119
여주시종합관광안내소,여주,37.30016,127.65455,031-887-2868,09:00-18:00,명절,영/중/일,경기 여주시 신륵사길 7
여주역관광안내소,여주,37.28224,127.62884,031-881-2990,09:00-18:00,명절,,경기 여주시 교동 403-2
세종대왕릉역 관광안내소,여주,37.29394,127.57073,070-8810-2990,09:00-18:00,명절,,경기 여주시 세종대왕면 양화로 877
평택호 관광안내소,평택,36.92142,126.92224,031-8024-3291,10:00~16:00,"명절, 기타",,경기 평택시 현덕면 평택호길 159
평택항 관광안내소,평택,36.95777,126.84598,031-8024-3291,10:00~16:00,"명절, 기타",중,경기 평택시 포승읍 평택항만길 75
고현버스터미널 관광안내소,거제,34.89113,128.6243,055-639-4180,10:00~17:00,명절,영/일,경남 거제시 고현천로 10
수승대 관광안내소,거창,35.76076,127.8335,055-940-3926,10:00~17:00,명절,일,경남 거창군 위천면 황산리 750-3
마산역 관광안내소,창원,35.23611,128.57722,055-253-3695,10:00~17:00,"명절, 기타",영/일/중,경남 창원시 마산회원구 마산역광장로 18
저도연륙교안내소,창원,35.06757,128.56283,055-253-3695,10:00~17:00,"명절, 기타",영/중/일,경남 창원시 마산합포구 구산면 해양관광로 1872-60
웅천읍성 관광안내소,창원,35.11115,128.75112,055-253-3695,10:00~17:00,"명절, 기타",영/일/중,경남 창원시 진해구 웅천중로66번길 10-19
성산패총안내소,창원,35.20793,128.67927,055-253-3695,10:00~17:00,"명절, 기타",영/일/중,경남 창원시 성산구 성산패총로 137
진주 진양호관광안내소,진주,35.17444,128.03739,055-749-7449,10:00~16:00(11월~2월),"설날, 추석 명절 당일 / 월 1회 부정기 휴관일 있음",영어 / 중국어 / 일본어,경남 진주시 남강로1번길 96-6
창녕박물관 관광안내소,창녕,35.5404,128.50747,055-530-1999,10:00~16:00,"박물관 휴관일( 매주 월요일, 1월 1일, 설날 및 추석)",,경남 창녕군 창녕읍 자하곡길 10
용추관광안내소,함양,35.66808,127.78802,055-964-0711,10:00~17:00,기타,,경남 함양군 안의면 용추계곡로 316
남계서원 관광안내소,함양,35.54873,127.78337,055-962-9785,10:00~17:00,기타,일/중,경남 함양군 수동면 남계서원길 8-11
일두홍보관관광안내소,함양,35.56648,127.76857,055-964-5800,10:00~17:00,명절 연휴,일본어,경남 함양군 지곡면 병곡지곡로 910
순천역 관광안내소,순천,34.94577,127.50229,061-749-3107,09:00-22:00,연중무휴,,전남광주통합특별시 순천시 팔마로 125
종합버스터미널 관광안내소,공주,36.46851,127.13473,061-749-3839,09:00-18:00,연중무휴,,충남 공주시 신관로 74
인천광역시 관광협회,인천,37.42395,126.65344,0327770350,,,,인천 연수구 청량로184번길 17
선비촌안내소,영주,36.92753,128.58268,054-637-8586,10:00~17:00,설날.추석당일,한/영/중/일,경북 영주시 순흥면 소백로 2796
횡성역사 관광안내소,횡성,37.4831,128.01003,070-8282-2330,09:00~18:00,"명절, 공휴일, 월요일",중국어,강원특별자치도 횡성군 횡성읍 덕고로 591
둔내역사 관광안내소,횡성,37.51027,128.22136,070-8299-2330,09:00~18:00,"명절, 공휴일, 월요일",중국어,강원특별자치도 횡성군 둔내면 고원로 116
김포함상공원 관광안내소,김포,37.64068,126.53927,031-980-2489,09:00~18:00,"명절, 공휴일",,경기 김포시 대곶면 대명항1로 110-36
소요산 관리지원센터,동두천,37.94594,127.06933,031-860-2065,09:00~18:00,기타,,경기 동두천시 평화로2910번길 140
화서문 안내소,수원,37.28526,127.01025,031-207-7985,10:00~17:00,"1월1일,설날 및 추석 당일",영어/일본어/중국어,경기 수원시 팔달구 화서문로 19
헤이리 여행스테이션,파주,37.78801,126.6993,031-940-8514,11:00~17:00,명절,영/일,경기 파주시 탄현면 헤이리마을길 70-21
김해가야테마파크 관광안내소,김해,35.25079,128.89214,055-340-7948,10:00~17:00,명절,영/일/중,경남 김해시 가야테마길 161
회암사지 관광안내소,양주,37.84391,127.10588,031-865-4088,10:00~17:00,"명절, 월요일",영/일,경기 양주시 회암동 21
창녕 관광안내소,창녕,35.5404,128.50747,055-530-1999,10:00~16:00,"설날, 추석 당일",,경남 창녕군 창녕읍 자하곡길 10
헤리리 여행스테이션,파주,37.78836,126.69955,031-940-8514,11:00~17:00,명절 연휴,영/일,경기 파주시 탄현면 법흥리 1652-239
문경 관광안내센터,문경,36.74202,128.08277,054-571-7947,10:00-16:00,설/추석,한/영/중/일,경북 문경시 문경읍 문경대로 2426
봉화군종합관광안내소,봉화,36.78503,128.90854,054-673-4996,10:00-17:00,현재 운영 안함(비상설),한/영/중/일,경북 봉화군 명호면 청량산길 124
옥동서원 관광안내센터,상주,36.28997,127.94159,054-537-7118,10:00-17:00,"신년/ 설,추석 전일 및 당일",한/영/중/일,경북 상주시 모동면 수봉리 546
경천대 관광안내센터,상주,36.45544,128.24221,054-536-1003,10:00-17:00,"신년/ 구정,추석 전일 및 당일",한/영/중/일,경북 상주시 사벌국면 삼덕리 산 11-9
경천섬 관광안내센터,상주,36.44088,128.25492,054-531-1996,10:00-17:00,"신년/ 구정, 추석 전일 및 당일",한/영/중/일,경북 상주시 도남동 170-7
송광사 관광안내소,순천,35.00236,127.27487,061-749-3107,10:00-17:00,연중무휴,,전남광주통합특별시 순천시 송광면 송광사안길 100
드라마촬영장 관광안내소,순천,34.95811,127.5378,061-749-3107,09:00-18:30,연중무휴,,전남광주통합특별시 순천시 비례골길 24
청와대 사랑채,서울,37.58268,126.97323,02-723-0300,09:00~18:00,"월요일 휴무, 1월 1일 휴관","한국어, 영어, 중국어, 일본어",서울 종로구 효자로13길 45
고금관광안내소,완도,34.43835,126.82646,061-550-5151,09:00~18:00,설 추석 명절 연휴,,전남광주통합특별시 완도군 고금면 고금로 1177
부산관광안내소(김해공항 국제선),부산,35.28501,129.09547,051-973-2800,09:00-18:00,연중무휴,영/일/중,부산 금정구 중앙대로 2238
여주관광홍보관,여주,37.30015,127.65455,031-887-2868,09:00~18:00,"월요일, 화요일",영/일/중,경기 여주시 신륵사길 7
수로왕비릉안내소,김해,35.24287,128.87769,055-330-3948,10:00-17:00,"설날, 추석 연휴 전일과 당일",,경남 김해시 가락로190번길 1
진부역 관광안내소,평창,37.64231,128.574,033-330-2476,10:00~17:00,연중무휴,,강원특별자치도 평창군 진부면 송정길 110
이천롯데아울렛 관광안내소,이천,37.24223,127.40003,031-645-3083,11:00~18:00,"명절, 기타",영/일/중,경기 이천시 호법면 프리미엄아울렛로 177-74
이천설봉공원 관광안내소,이천,37.27967,127.42787,031-645-3083,10:00~17:00,"명절, 기타",영/일/중,경기 이천시 경충대로2709번길 128
독일마을 관광안내소,남해,34.80084,128.03843,055-867-8897,10:00~17:00,명절,,경남 남해군 삼동면 독일로 92
경남선교120주년 기념관,창원,35.13942,128.52993,055-247-7993,10:00~17:00,"명절, 기타",영/일/중,경남 창원시 마산합포구 진동면 공원묘원로 230
돝섬 관광안내소,창원,35.19797,128.5759,055-253-3695,10:00~17:00,"명절, 기타",영/일/중,경남 창원시 마산합포구 제2부두로 56
가평관광안내소,가평,37.84763,127.48552,031-582-8830,09:00~17:00,연중무휴,영/중,경기 가평군 가평읍 용추로 229-41
창녕 영산호국공원 관광안내소,창녕,35.45338,128.52958,055-530-1999,10:00~16:00,"설날, 추석 당일",,경남 창녕군 영산면 동리 238
남산호국공원 관광안내소,창녕,35.45338,128.52958,055-530-1999,10:00~16:00,"설날, 추석 당일",,경남 창녕군 영산면 동리 238
우포늪 관광안내소,창녕,35.54466,128.41821,055-530-1559,10:00~16:00,"설날, 추석 당일",,경남 창녕군 유어면 세진리 231-1
여객선터미널안내소,여수,34.73842,127.73231,055-642-8392,09:00~16:00,명절,,전남광주통합특별시 여수시 교동 682-1
해저터널안내소,통영,34.83621,128.41144,055-650-0582,10:00~17:00,명절,,경남 통영시 당동 406
동피랑 안내소,통영,34.84528,128.42765,055-642-3400,10:00~17:00,명절,영어/중국어,경남 통영시 동피랑1길 6-18
포향여객선터미널 관광안내소,포항,36.05154,129.37885,054-270-5977,09:00~11:00,연중무휴,없음,경북 포항시 북구 해안로 44
포항공항 관광안내소,포항,35.98388,129.43389,054-270-5837,10:00~17:00,연중무휴,없음,경북 포항시 남구 동해면 일월로 18
호미곶 관광안내소,포항,36.07717,129.56728,054-282-1222,10:00~17:00,연중무휴,없음,경북 포항시 남구 호미곶면 해맞이로 136
오어사관광안내소,포항,35.92625,129.3688,054-293-2374,10:00~17:00,연중무휴,없음,경북 포항시 남구 오천읍 오어로 1
월포역관광안내소,포항,36.20411,129.36694,054-232-2220,10:00~17:00,연중무휴,없음,경북 포항시 북구 청하면 월포로 137
원주역 관광안내소,원주,37.31595,127.92152,033-733-1330,09:00~18:00,"근로자의 날, 구정, 추석 당일",일/영,강원특별자치도 원주시 북원로 1860
평창역 관광안내소,평창,37.56239,128.42965,070-8255-0114,10:00~17:00,연중무휴,,강원특별자치도 평창군 용평면 평창대로 1715
창원중앙역 관광안내소,창원,35.25149,128.68583,055-289-8815,09:00~18:00,명절,영/중,경남 창원시 의창구 사림로99번길 63
경남 관광안내소,산청,35.30406,127.7493,055-964-2710,09:00~18:00,명절,일/중,경남 산청군 시천면 지리산대로 345
경산종합관광안내소,대구,35.89999,128.63743,053-854-1803,10:00-17:00,"월,화",한/영,대구 동구 공항로 221
영덕군관광안내소,영덕,36.41434,129.37199,054-730-6652,10:00-17:00,연중무휴,한/영/중/일,경북 영덕군 영덕읍 군청길 68
강진 종합관광안내소,강진,34.64172,126.76623,061-430-3349,"평일 9시~18시,주말, 공휴일 10시~19시",연중무휴,,전남광주통합특별시 강진군 강진읍 영랑생가길 8
당진시관광안내소,당진,36.84765,126.65556,041-358-3357,10:00~17:00,설 추석 명절 당일,,충남 당진시 면천면 아미로 354-2
서초 관광안내소,서울,37.49814,127.02701,070-7008-0120,10:00~19:00,-,"영어, 일본어, 중국어",서울 서초구 서초동 1318-7
안목여행자센터(강릉 트래블라운지),강릉,37.77113,128.95038,033-640-4928,09:00-18:00,연중무휴,영,강원특별자치도 강릉시 창해로14번길 51-6
광주송정역2층 관광안내소,광주,35.13766,126.79077,062-944-9044,09:00~18:00,연중무휴,일/중,전남광주통합특별시 광산구 상무대로 201
광주국립아시아문화전당관광안내소,광주,35.14636,126.91936,062-601-4261,10:00~18:00,매주 월요일,영,전남광주통합특별시 동구 문화전당로 38
김대중컨벤션센터 관광안내소,광주,35.14678,126.84048,062-611-3899,09:00~18:00,연중무휴,중,전남광주통합특별시 서구 상무누리로 30
부산관광안내소(김해공항 국내선),부산,35.28501,129.09547,051-973-4607,09:00-18:00,연중무휴휴,영/일/중,부산 금정구 중앙대로 2238
장릉 관광안내소,영월,37.19681,128.4529,033-374-4215,09:00~18:00,연중무휴,,강원특별자치도 영월군 영월읍 단종로 190
고씨굴 관광안내소,영월,37.13048,128.53564,033-372-6870,09:00~18:00,연중무휴,,강원특별자치도 영월군 김삿갓면 영월동로 1111
연무대 안내소,수원,37.28788,127.02334,031-5191-2763,10:00~17:00,"1월1일,설날 및 추석 당일",영/일/중,경기 수원시 팔달구 창룡대로103번길 20
서장대 안내소,수원,37.27764,127.01035,031-228-2764,10:00~17:00,"1월1일,설날및추석 당일",영/일/중,경기 수원시 팔달구 팔달산로 108
의정부 종합관광안내소,의정부,37.73908,127.04733,031-848-3513,10:00~17:00,"명절, 월요일",영어/일본어,경기 의정부시 평화로 527
광주향교 안내소,하남,37.53699,127.20716,031-791-1435,10:00~16:00,명절,영/중,경기 하남시 신장로 97
이성산성 관광안내소,하남,37.52252,127.1881,031-791-1436,10:00~16:00,명절,영/중,경기 하남시 춘궁동 589-1
동탄센트럴파크 관광안내소,화성,37.20564,127.06358,031-5189-6017,10:00~17:00,명절,,경기 화성시 동탄구 동탄공원로2길 22
SRT동탄역관광안내소,화성,37.19986,127.09549,031-328-8501,10:00~17:00,명절,,경기 화성시 동탄구 동탄역로 지하 151
남양성모성지관광안내소,화성,37.20643,126.81687,031-5189-6017,09:00~17:00,월요일,,경기 화성시 만세구 남양읍 남양성지로 112
조소앙기념관 안내소,양주,37.92168,126.99468,031-859-2288,10:00~16:30,"명절, 월요일",영/일,경기 양주시 남면 양연로173번길 87
남지개비리길 관광안내소,창녕,35.39456,128.44055,055-530-1999,10:00~16:00,설날 및 추석 당일,,경남 창녕군 남지읍 용산리 160-2
보경사관광안내소,포항,36.24809,129.31933,054-262-2371,10:00~17:00,연중무휴,없음,경북 포항시 북구 송라면 보경로 491
동래구 관광안내소,부산,35.18407,129.04333,051-522-0303,09:00~18:00,"명절휴무,공휴일 휴무",일어,부산 부산진구 새싹로 295-1
완주 상관편백숲 관광안내소,완주,35.73749,127.20239,063-290-3991,별도 문의,별도 문의,,전북특별자치도 완주군 상관면 죽림편백길 191-24
인천항국제여객터미널관광안내소,인천,37.47536,126.59753,032-834-1350,09:00-18:00 / 매주 일요일 휴관,매주 일요일,중국어,인천 제물포구 북성동1가
고사동 여행자라운지,전주,35.81831,127.14257,063-232-1335,09:00~18:00,연중무휴,"영어, 스페인어",전북특별자치도 전주시 완산구 전주객사3길 22
대구공항관광안내소,대구,35.89999,128.63743,053-984-1994,09:00-18:00,연중무휴,영/중/일,대구 동구 공항로 221
월드커뮤니티센터,인천,37.47474,126.62077,032-773-7511~2,10:00~17:00,월,032-899-7355,인천 제물포구 제물량로232번길 26
평화의댐 관광안내소,화천,38.21282,127.84428,033-440-2575,09:00~17:00,연중무휴,,강원특별자치도 화천군 화천읍 평화로 3481-70
청평 관광안내소,가평,37.73553,127.42665,031-584-8809,09:00~17:00,연중무휴,영어/중국어,경기 가평군 청평면 청평역로 97-33
운악산 관광안내소,가평,37.86509,127.34958,070-7719-7763,10:00~16:00,기타,영어/중국어,경기 가평군 조종면 운악리 656-7
행궁광장 관광안내소,수원,37.28136,127.01509,031-241-2703,09:00~18:00,연중무휴,영/일/중,경기 수원시 팔달구 정조로 825
검단쉼터 관광안내소,하남,37.53656,127.22945,031-791-6240,10:00~16:00,명절,영/중,경기 하남시 창우동 265-1
만남의광장 관광안내소(사천),사천,35.10871,128.08573,055-832-9610,09:00~18:00,"명절, 월요일",,경남 사천시 축동면 서삼로 1742
사천시체험관광센터,사천,34.93249,128.05199,055-835-1023,09:00~18:00,명절,,경남 사천시 사천대로 17
진주시 관광안내소,진주,35.1872,128.08217,055-749-7449,10:00~17:00,"설날, 추석 명절 당일 / 월 1회 부정기 휴관일 있음",영어 / 중국어 / 일본어,경남 진주시 강남로 320
욕지관광안내소,통영,34.63346,128.26502,055-649-9905,09:00~17:00,명절 연휴,,경남 통영시 욕지면 욕지일주로 79
태화강역 관광안내소,울산,35.53906,129.35229,052-272-0300,09:00~18:00,연중무휴,영어/일본어/중국어,울산 남구 산업로 646
부산 중구 관광안내소,부산,35.09763,129.0322,051-254-5504,10:00-18:00,"설날, 추석 명절 연휴 유무",한국어 중국어 영어,부산 중구 구덕로 31
전주종합관광안내소,전주,35.81539,127.1544,063-282-1335,09:00~18:00,매일운영,영/중/일,전북특별자치도 전주시 완산구 기린대로 69
지역관광 안테나숍 시청점,서울,37.56688,126.9767,02-720-0633,10:00-18:00,"매주 월요일, 설,추석 당일 휴무",영어 중국어 일본어,서울 중구 세종대로 119
고양관광정보센터,고양,37.65948,126.77269,031-905-8396,09:00~19:00,"매주 월요일, 설 연휴, 추석 연휴, 선거일",영/일,경기 고양시 일산동구 중앙로 1271-1
봉황동유적안내소,김해,35.23247,128.87464,055-337-1330,10:00-17:00,"설날, 추석 연휴 전일과 당일",,경남 김해시 가야의길 74
양평역관광안내소,양평,37.493,127.49098,031-770-1001~2,09:00-18:00,기타,영,경기 양평군 양평읍 역전길 32
밀양 연극촌 관광안내소,밀양,35.53269,128.70429,055-359-2682,09:00~18:00,기타,,경남 밀양시 부북면 창밀로 3097-16
춘천시 관광안내소(춘천역),춘천,37.88473,127.71707,033-250-4312,09:00~18:00,"설, 추석",영어,강원특별자치도 춘천시 근화동 190
악양 종합 관광안내소,하동,35.15302,127.68926,055-884-0987,10:00~17:00,"추석 및 설날 당일, 기타",,경남 하동군 악양면 평사리길 35
화개장터 종합 관광안내소,하동,35.18804,127.62409,055-883-5722,10:00~17:00,"설날 및 추석 당일, 기타",,경남 하동군 화개면 쌍계로 15
청학동 종합 관광안내소,부산,35.09763,129.0322,055-882-5379,10:00~17:00,"설날 및 추석 당일, 기타",,부산 중구 구덕로 31
오륙도 해파랑길 관광안내소,부산,35.10152,129.12306,051-608-1580~1,09:00~18:00,연중무휴,"영,중.일",부산 남구 오륙도로 137
고령군 관광안내소,고령,35.72008,128.25968,054-955-4790,09:30-16:30,연중무휴,한/영/중/일,경북 고령군 대가야읍 대가야로 1216
두들마을 관광안내소,영양,36.55787,129.12847,054-680-6412,10:00-16:00,명절,한/영/중/일,경북 영양군 석보면 두들마을길 98
주실마을 관광안내소,영양,36.71868,129.10255,054-680-6412,10:00-17:00,명절,한/영/중/일,경북 영양군 일월면 주실길 55
강릉역관광통역안내센터(KATA),강릉,37.76451,128.89969,033-642-8692,09:00-18:00,연중무휴,영/중,강원특별자치도 강릉시 용지로 176
강원도 종합 관광안내소(강릉),강릉,37.80479,128.90695,033-640-4537,09:00-18:00,"명절 당일 ( 교육, 자연재해 등으로 인한  휴소일 제외 )",영어/중국어/일본어,강원특별자치도 강릉시 안현동 산 2-11
비득 안내소,양구,38.25339,128.04514,033-480-2327,09:00~16:00,매주 월요일,영어/중국어/일본어/태국어,강원특별자치도 양구군 동면 월운리 355
금강산 가는길 안내소,양구,38.24675,127.98169,033-480-2327,09:00~16:00,매주 월요일,일본어/태국어,강원특별자치도 양구군 방산면 두타연로 297
철원군 관광안내소,철원,38.18749,127.2911,033-450-5558,09:00~18:00,명절 등,,강원특별자치도 철원군 동송읍 장흥리 20-15
철암 관관안내소,태백,37.11483,129.03696,033-552-8363,09:00~18:00,연중무휴,영어/중국어,강원특별자치도 태백시 동태백로 389
망향의동산 관광안내소,횡성,37.54556,128.06701,033-343-3432,08:30~17:00,기타,,강원특별자치도 횡성군 갑천면 태기로구방5길 40
유배문학관 관광안내소,남해,34.83248,127.90049,055-864-4025,10:00~17:00,"명절, 월요일",,경남 남해군 남해읍 남해대로 2745
가천 관광안내소,성주,35.84728,128.12828,055-863-3893,10:00~17:00,"명절,월요일",,경북 성주군 가천면 법전리 1155-3
케이블카 안내소,통영,34.82673,128.42514,055-650-0583,09:00~18:00,명절,,경남 통영시 발개로 205
안동민속박물관,안동,36.57607,128.76444,054-857-9783,09:30-17:00,연중무휴,한/영/중/일,경북 안동시 민속촌길 13
도산서원 관광안내소,안동,36.72789,128.84035,054-840-6599,09:00-18:00,연중무휴,한/영/중/일,경북 안동시 도산면 도산서원길 154
봉정사 관광안내소,안동,36.65552,128.65958,054-858-5929,09:30-17:00,연중무휴,한/영/중/일,경북 안동시 서후면 봉정사길 222
병산서원 관광안내소,안동,36.54039,128.5527,054-858-5929,09:00-18:00,연중무휴,한/영/중/일,경북 안동시 풍천면 병산길 386
태사묘 관광안내소,안동,36.56673,128.73181,054-852-1969,09:30-17:00,연중무휴,,경북 안동시 태사길 13
당암리 관광안내소,태안,36.6252,126.35937,041-670-2543,09:00-17:00,"설, 추석 당일 휴무",,충남 태안군 남면 천수만로 467
월미도관광안내소,인천,37.47536,126.59753,032-765-4169,09:00~18:00,"구정 당일, 추석 당일","영어, 중국어, 일본어",인천 제물포구 북성동1가
서울도심등산관광센터,서울,37.66241,127.00972,02-1533-2608,09:00~18:00,"매주 월요일, 추석 설날 당일","영,일",서울 강북구 삼양로173길 52
성북역사문화센터,서울,37.59259,126.99745,02-2241-2656,09:00~18:00,설 추석 명절 연휴,,서울 성북구 성북로21길 31
고터·세빛관광안내소,서울,37.50826,126.99914,02-536-9472,11:00~20:00,"명절 당일 휴무(설날, 추석 당일)",영/중/일,서울 서초구 반포대로 333
무섬마을안내소,영주,36.73296,128.62111,054-636-4700,10:00~17:00,설날. 추석당일,한/영/중/일,경북 영주시 문수면 수도리 268
월화거리 관광안내센터,강릉,37.76451,128.89969,033-640-4565,09:00~18:00,명절 당일,영어/중국어/일본어,강원특별자치도 강릉시 용지로 176
화홍문 안내소,수원,37.28711,127.01716,031-248-3541,10:00~17:00,"1월1일,설날 및 추석 당일",영/일/중,경기 수원시 팔달구 수원천로 377
화성행궁 안내소,수원,37.28199,127.01428,031-228-4480,10:00~17:00,"1월1일,설날 및 추석 당일",영/일/중,경기 수원시 팔달구 정조로 825
팔달문 안내소,수원,37.27766,127.0103,031-5191-2765,10:00~17:00,"1월1일,설날및추석 당일",영/일/중,경기 수원시 팔달구 팔달산로 108
전곡항마리나클럽하우스관광안내소,화성,37.18545,126.65102,031-5189-6017,10:00~17:00,명절,,경기 화성시 만세구 서신면 전곡항로 5
해양드라마세트장안내소,창원,35.11111,128.54383,055-253-3695,10:00~17:00,"명절, 기타",영/일/중,경남 창원시 마산합포구 구산면 해양관광로 876-2
창원의집관광안내소,창원,35.25149,128.68583,055-253-3695,10:00~17:00,"명절, 기타",영/일/중,경남 창원시 의창구 사림로99번길 63
진해루 관광안내소,창원,35.14719,128.6843,055-548-2767,10:00~17:00,"명절, 기타",영/일/중,경남 창원시 진해구 진희로 142
내원사 관광안내소,양산,35.44464,129.09339,055-374-5211,09:00~18:00,"1월1일, 5월 1일, 추석 및 설날 연휴",,경남 양산시 하북면 내원로 203
합천박물관관광안내소,합천,35.55675,128.26968,055-930-4888,10:00~16:00,월요일,,경남 합천군 초계면 동부로 1240
합천영상테마파크관광안내소,합천,35.52326,128.01706,055-930-4651,10:00~16:00,월요일,,경남 합천군 대병면 회양관광단지길 79-4
승산마을 관광안내소,진주,35.23484,128.27051,055-749-7449,10:00~17:00,"추석 및 설날 당일,  월 1회",,경남 진주시 지수면 지수로 482
청송동 관광안내소,청송,36.43739,129.05099,070-7719-6244,10:00~17:00,"명절당일(설날, 추석) 휴무",없음,경북 청송군 청송읍 중앙로 184
구룡포역사관 안내소,포항,35.99054,129.5616,054-276-9605,10:00~17:00,매주월요일,없음,경북 포항시 남구 구룡포읍 구룡포길 153-1
문경새재 관광안내소,문경,36.74202,128.08277,054-550-6414,10:00-16:00,설/추석,한/영/중/일,경북 문경시 문경읍 문경대로 2426
경상북도 종합 관광안내센터,상주,36.45833,128.23849,054-852-6800,09:00-18:00,연중무휴,한/영/중/일,경북 상주시 사벌국면 국제승마장로 57
안동하회마을종합안내소,안동,36.54067,128.52276,054-840-6974,09:30-17:00,연중무휴,한/영/중/일,경북 안동시 풍천면 하회종가길 2-1
구미시종합 관광안내소,구미,36.12833,128.33094,054-480-2663,09:00-16:00,연중무휴,한/영/중/일,경북 구미시 구미중앙로 76
선바위관광지 관광안내소,영양,36.60854,129.08202,054-680-6412,10:00-17:00,연중무휴,한/영/중/일,경북 영양군 입암면 영양로 883-16
낙안읍성 관광안내소,순천,34.9056,127.34198,061-749-8849,09:30-17:00,연중무휴,,전남광주통합특별시 순천시 낙안면 충민길 13
선암사 관광안내소,순천,34.99618,127.32736,061-753-2955,10:00-17:00,연중무휴,,전남광주통합특별시 순천시 승주읍 선암사길 450
