일차,순번,id,장소명,분류,이동(분),개장대기(분),체류(분),도착,출발,운영시간
1,1,gj2,쪽샘 44호 신라공주묘,문화유산·전통체험,0,0,40,10:08,10:48,09:00–18:00
1,2,gj4,황리단길,로컬상권·먹거리,10,2,120,11:00,13:00,11:00–22:00
1,3,gj3,동궁과 월지,문화유산·전통체험,23,0,70,13:23,14:33,09:00–22:00
1,4,gj6,경주 라원(미디어아트),테마파크·액티비티,32,0,60,15:05,16:05,10:00–20:00
1,5,gj5,경주월드,테마파크·액티비티,32,0,240,16:37,20:37,10:00–21:00
2,1,gj7,추억의 달동네 (귀신의집),테마파크·액티비티,0,60,70,10:00,11:10,10:00–19:00
2,2,gjx34,민속공예촌,문화유산·전통체험,10,0,70,11:20,12:30,09:00–18:00 · 무료 · 054-746-7270
2,3,gjx1,불국사,문화유산·전통체험,27,0,90,12:57,14:27,09:00–18:00 · 문의 054-746-9913
2,4,gjx5,석굴암,문화유산·전통체험,24,0,60,14:51,15:51,"09:00–18:00 · 어른 6,000원 · 054-746-9933"
2,5,nax771,골굴사,문화유산·전통체험,40,0,70,16:31,17:41,08:00–18:00 · 유료
2,6,ro244,나정고운모래해변,해양·자연경관,54,0,40,18:35,19:15,
2,7,gjx29,감은사지,문화유산·전통체험,34,0,40,19:49,20:29,상시 개방 · 무료
3,1,ro166,경주 감은사지동서삼층석탑,문화유산·전통체험,0,0,60,09:00,10:00,
3,2,gjx9,문무대왕릉,해양·자연경관,16,0,40,10:16,10:56,상시 개방 · 무료 · 054-779-6324
3,3,gjx8,경주 양남 주상절리,해양·자연경관,42,0,50,11:38,12:28,전망대 09:00–18:00 · 무료 · 054-775-6366
3,4,nax773,양남 주상절리 파도소리길,해양·자연경관,10,0,60,12:38,13:38,상시 개방 · 무료
3,5,gjx14,감포항,로컬상권·먹거리,78,0,60,14:56,15:56,상시 · 공설시장 08:00–19:00
3,6,ro242,송대말등대,테마파크·액티비티,10,0,90,16:06,17:36,
